IngredientId,Conversion,InvFactor,Qty,Recipe,Uom
I-3388,1.00000000,0.3058,1.000,P-10496,L
I-4660,2.20462000,0.6942,2.270,P-10496,Kg
I-4679,1.00000000,0.0063,1.000,P-18318,BUNCH
I-4793,2.20462000,1.2048,10.000,P-18746,Kg
I-3643,0.00100000,0.1837,225.000,P-18907,g
I-6026,1.00000000,0.8163,1000.000,P-18907,g
I-6807,2.20462000,1.4188,2.270,P-19175,Kg
I-4590,2.20462000,1.2195,10.000,P-19208,Kg
I-4698,4.00000000,1.3514,10.000,P-20239,Kg
I-4626,1.00000000,2.6316,10.000,P-21077,CT
I-4381,1.00000000,1.1111,1.000,P-24452,lb
P-26514,1.00000000,1000.0000,500.000,P-24750,g
I-3619,0.21476900,0.6000,3.000,P-25761,leaf
I-3649,1.00000000,2.0000,10.000,P-25761,g
I-3660,1.00000000,0.2000,1.000,P-25761,Kg
I-3698,1.00000000,0.4000,2.000,P-25761,L
I-4660,0.00220462,1.0000,5.000,P-25761,g
I-4750,2.20462000,0.4534,2.267,P-25761,Kg
I-6026,1.00000000,1.0000,5.000,P-25761,g
P-52036,1.00000000,0.4000,2.000,P-25761,g
I-4677,1.00000000,0.0020,1.000,P-25871,CT
I-4819,1.00000000,2.3810,50.000,P-25893,lb
P-18907,1.00000000,5.9524,125.000,P-25893,g
I-3642,1000.00000000,0.0002,1.000,P-25993,Kg
I-6026,1000.00000000,0.0008,5.000,P-25993,Kg
I-3388,0.00100000,300.0000,750.000,P-26020,ml
I-4657,2.20462000,0.9080,2.270,P-26020,Kg
I-2156,1.00000000,0.0012,1.000,P-26055,Kg
I-4695,0.00220462,0.0059,5.000,P-26055,g
P-18907,1.00000000,0.0059,5.000,P-26055,g
I-3388,0.00100000,5.0000,5.000,P-26056,ml
I-4933,0.00220462,113.0000,113.000,P-26056,g
P-18907,1.00000000,0.5000,0.500,P-26056,g
I-2158,1.00000000,1.0000,1.000,P-26057,CT
I-3388,0.00100000,15.0000,15.000,P-26057,ml
P-18907,1.00000000,0.5000,0.500,P-26057,g
I-1813,0.03381406,250.0000,250.000,P-26058,ml
I-3388,0.00100000,750.0000,750.000,P-26058,ml
I-6443,0.03381406,13.3333,400.000,P-26062,ml
P-18907,1.00000000,8.3333,250.000,P-26062,g
P-24750,0.00100000,10.0000,300.000,P-26062,g
P-44429,1.00000000,0.7667,23.000,P-26062,Kg
P-56811,1.00000000,0.0333,1.000,P-26062,Kg
P-57499,1.00000000,0.1667,5.000,P-26062,Kg
I-3336,1.00000000,0.2500,1.000,P-26065,L
I-3348,1.00000000,0.5000,2.000,P-26065,L
I-3365,0.00100000,125.0000,500.000,P-26065,ml
I-3472,1.00000000,0.1250,0.500,P-26065,L
P-18907,1.00000000,3.7500,15.000,P-26065,g
P-56797,0.00100000,7.5000,30.000,P-26065,g
I-4463,0.00220462,0.6667,10.000,P-26069,g
P-18907,1.00000000,0.0067,0.100,P-26069,g
P-26058,0.00100000,0.3333,5.000,P-26069,ml
I-3388,0.00100000,14.3333,258.000,P-26086,ml
I-3658,0.00100000,44.1667,795.000,P-26086,g
I-3660,1.00000000,0.1289,2.320,P-26086,Kg
I-47774,1.00000000,0.2296,4.132,P-26086,L
I-5983,1.00000000,0.5739,10.330,P-26086,L
P-10496,0.00100000,32.2222,580.000,P-26086,g
P-26020,0.00100000,32.6111,587.000,P-26086,g
P-50495,0.00100000,28.7222,517.000,P-26086,ml
I-3388,0.00100000,30.5292,45.000,P-26140,ml
I-6026,1.00000000,10.1764,15.000,P-26140,g
I-6443,0.03381406,81.4111,120.000,P-26140,ml
P-24750,0.00100000,50.8820,75.000,P-26140,g
P-26020,0.00100000,40.7056,60.000,P-26140,g
P-39167,0.00100000,152.6459,225.000,P-26140,g
P-44475,1.00000000,67.8426,100.000,P-26140,g
P-56921,1.00000000,339.2130,500.000,P-26140,g
P-56923,1000.00000000,0.8480,1.250,P-26140,Kg
I-36672,2.20462000,0.4982,2.260,P-26143,Kg
P-53277,1.00000000,0.5511,2.500,P-26143,L
I-3388,0.00100000,34.4828,100.000,P-26216,ml
I-3416,2.20462000,0.5172,1.500,P-26216,Kg
I-5983,1.00000000,6.8966,20.000,P-26216,L
I-6026,1.00000000,3.4483,10.000,P-26216,g
I-19737,1.00000000,1.0000,4.000,P-26226,L
I-3388,0.00100000,25.0000,100.000,P-26226,ml
I-3623,1.00000000,1.2500,5.000,P-26226,g
I-4657,0.00220462,16.2500,65.000,P-26226,g
P-18907,1.00000000,11.2500,45.000,P-26226,g
I-1813,0.03381406,83.3333,250.000,P-26333,ml
I-3348,1.00000000,1.1667,3.500,P-26333,L
I-6443,0.03381406,41.6667,125.000,P-26333,ml
P-18907,1.00000000,1.6667,5.000,P-26333,g
P-44728,1.00000000,16.6667,50.000,P-26333,g
P-50676,0.00100000,1.6667,5.000,P-26333,g
I-3388,1.00000000,1.0000,4.000,P-26381,L
I-3623,1.00000000,28.7500,115.000,P-26381,g
I-4657,0.00220462,226.7500,907.000,P-26381,g
I-2897,0.00100000,22.8571,80.000,P-26383,g
I-3388,1.00000000,0.3429,1.200,P-26383,L
I-3630,0.03527399,22.8571,80.000,P-26383,g
I-6443,35.21126761,0.5714,2.000,P-26383,L
P-18907,1.00000000,17.1429,60.000,P-26383,g
P-26020,0.00100000,11.4286,40.000,P-26383,g
I-4341,1.00000000,0.0182,1.000,P-26514,CT
I-3392,0.00100000,41.6667,125.000,P-27492,ml
I-3696,236.58800000,0.3333,1.000,P-27492,cup
I-6820,0.00100000,7.6667,23.000,P-27492,g
P-26020,0.00100000,166.6667,500.000,P-27492,g
P-34843,1.00000000,0.6667,2.000,P-27492,L
P-34880,0.00100000,108.3333,325.000,P-27492,g
I-3321,0.00142019,56.2500,900.000,P-28217,ml
I-3392,0.00100000,15.0000,240.000,P-28217,ml
I-3589,0.00220462,62.5000,1000.000,P-28217,g
I-3591,1.00000000,62.5000,1000.000,P-28217,g
I-3696,1.00000000,87.5000,1400.000,P-28217,ml
I-4657,0.00220462,50.0000,800.000,P-28217,g
I-47774,1.00000000,0.4750,7.600,P-28217,L
I-7705,1.00000000,0.2500,4.000,P-28217,L
I-9685,0.00220462,50.0000,800.000,P-28217,g
I-3089,2.20462000,0.7279,35.000,P-28258,Kg
I-3386,0.00100000,10.3991,500.000,P-28258,ml
I-5983,1.00000000,1.0399,50.000,P-28258,L
I-3143,1.00000000,1.5778,2.840,P-28989,L
I-1813,0.03381406,22.5000,45.000,P-28994,ml
I-3388,0.00100000,60.0000,120.000,P-28994,ml
I-3434,0.00100000,22.5000,45.000,P-28994,g
P-18907,1.00000000,2.5000,5.000,P-28994,g
P-26020,0.00100000,30.0000,60.000,P-28994,g
P-28989,1.00000000,0.8505,1.701,P-28994,Kg
I-4010,1.00000000,1.4925,20.000,P-32657,Kg
P-53256,1.00000000,0.2657,3.560,P-32657,L
I-3388,0.00100000,55.5556,250.000,P-32658,ml
P-18907,1.00000000,2.2222,10.000,P-32658,g
P-26020,0.00100000,2.2222,10.000,P-32658,g
P-38516,1.00000000,504.4444,2270.000,P-32658,g
P-39167,0.00100000,504.4444,2270.000,P-32658,g
I-3130,1.00000000,29.5625,946.000,P-32673,ml
I-5983,1.00000000,0.9719,31.100,P-32673,L
I-3291,1.00000000,0.4500,2.250,P-33530,Kg
I-3621,1.00000000,12.0000,60.000,P-33530,g
I-3640,1.00000000,36.0000,180.000,P-33530,g
I-6820,1.00000000,0.4500,2.250,P-33530,Kg
P-18907,1.00000000,36.0000,180.000,P-33530,g
I-10611,1.00000000,0.8000,4.000,P-33531,lb
I-51440,1.00000000,50.8000,254.000,P-33531,g
P-18907,28.34950000,0.8000,4.000,P-33531,oz
I-27410,0.00100000,2.8500,57.000,P-34084,g
I-4572,2.20462000,1.0115,11.450,P-34116,Kg
I-19665,1.00000000,1.2500,5.000,P-34121,Kg
P-18907,1.00000000,3.7500,15.000,P-34121,g
I-4745,2.20462000,1.0490,11.550,P-34123,Kg
P-25993,1.00000000,1.0000,1.000,P-34832,g
P-47511,1.00000000,1.0000,1.000,P-34832,Kg
P-58261,0.00100000,75.0000,75.000,P-34832,ml
I-3658,0.00100000,487.5000,1950.000,P-34843,g
I-47774,0.00100000,562.5000,2250.000,P-34843,ml
I-4660,2.20462000,1.0417,5.000,P-34880,Kg
I-3388,1.00000000,0.0108,2.000,P-35132,L
I-4031,1.00000000,0.1243,23.000,P-35132,Kg
I-4657,0.00220462,1.3514,250.000,P-35132,g
P-44901,0.00100000,0.2703,50.000,P-35132,g
P-46865,1.00000000,2.1622,400.000,P-35132,g
P-50676,0.00100000,0.2703,50.000,P-35132,g
P-57370,0.00100000,1.0811,200.000,P-35132,g
P-19175,1.00000000,1.0490,11.550,P-35258,Kg
I-4693,1.00000000,0.0024,1.000,P-35272,CT
I-6017,1.61250000,1.7544,20.000,P-35273,Kg
I-4031,1.00000000,0.1243,23.000,P-35713,Kg
P-47322,1000.00000000,0.0054,1.000,P-35713,Kg
I-3388,1.00000000,0.0417,2.000,P-36566,L
I-4463,0.00220462,4.1667,200.000,P-36566,g
I-4896,2.20462000,0.0417,2.000,P-36566,Kg
I-5983,1.00000000,0.3750,18.000,P-36566,L
I-6443,35.21126761,0.0208,1.000,P-36566,L
P-50784,1.00000000,0.4167,20.000,P-36566,L
P-7444,0.00100000,10.4167,500.000,P-36566,ml
P-18746,1.00000000,0.0010,1.000,P-38516,Kg
I-4375,1.00000000,0.0067,1.000,P-39057,CT
P-24452,2.20462000,1.0490,11.550,P-39167,Kg
I-4894,2.20462000,1.6667,15.000,P-40584,Kg
I-51440,1.00000000,10.1111,91.000,P-40584,g
P-18907,1.00000000,2.2222,20.000,P-40584,g
P-45062,0.00100000,5.5556,50.000,P-40584,g
I-3392,0.00100000,15.0000,15.000,P-40595,ml
I-47774,0.00100000,650.0000,650.000,P-40595,ml
I-5983,0.00100000,200.0000,200.000,P-40595,ml
I-6443,0.03381406,35.0000,35.000,P-40595,ml
P-34880,0.00100000,100.0000,100.000,P-40595,g
I-4572,2.20462000,1.0206,11.400,P-41094,Kg
I-4598,1.25000000,1.6902,23.000,P-41095,Kg
I-36764,2.20462000,0.4000,1.000,P-41300,Kg
I-5983,1.00000000,0.6000,1.500,P-41300,L
I-19610,0.03527399,1.3333,20.000,P-41468,g
I-3312,0.03527399,0.6667,10.000,P-41468,g
I-3660,1.00000000,0.2333,3.500,P-41468,Kg
I-42230,1.00000000,1.0000,15.000,P-41468,g
I-4657,0.00220462,6.6667,100.000,P-41468,g
I-5983,1.00000000,0.5333,8.000,P-41468,L
I-9382,1.00000000,0.2667,4.000,P-41468,L
I-11185,35.27399000,0.5000,1.000,P-41619,Kg
I-3642,1.00000000,2.5000,5.000,P-41619,g
I-6026,1.00000000,2.5000,5.000,P-41619,g
I-1813,0.03381406,40.0000,60.000,P-42160,ml
I-3434,1.00000000,0.6667,1.000,P-42160,Kg
I-5983,1.00000000,0.4000,0.600,P-42160,L
I-6026,1.00000000,10.0000,15.000,P-42160,g
I-4626,0.00332226,1.0426,490.000,P-42425,g
I-19283,1.00000000,0.0021,1.000,P-42504,bag
I-4558,2.20462000,1.1250,9.000,P-43341,Kg
P-41468,1.00000000,2.0000,16.000,P-43341,L
P-19175,1.00000000,1.0445,11.500,P-43440,Kg
I-10882,0.00100000,0.0400,10.000,P-43674,ml
I-3392,0.00100000,0.0400,10.000,P-43674,ml
I-3696,1.00000000,0.6000,150.000,P-43674,ml
I-47774,0.00100000,0.2400,60.000,P-43674,ml
I-6443,0.03381406,0.0400,10.000,P-43674,ml
P-34880,0.00100000,0.1000,25.000,P-43674,g
P-48495,1.00000000,0.1000,25.000,P-43674,g
P-57143,0.00100000,0.0020,0.500,P-43674,g
I-4572,2.20462000,1.0206,11.400,P-43702,Kg
I-4626,1.00000000,3.0303,10.000,P-43962,CT
I-1813,0.03381406,178.5714,250.000,P-44311,ml
I-6006,0.00100000,714.2857,1000.000,P-44311,ml
I-6026,1.00000000,0.7143,1.000,P-44311,g
P-46492,0.00100000,71.4286,100.000,P-44311,g
P-20239,1.00000000,0.2400,1.500,P-44312,Kg
P-41619,1.00000000,0.2400,1.500,P-44312,Kg
P-43962,1.00000000,0.1600,1.000,P-44312,Kg
P-46492,0.00100000,12.0000,75.000,P-44312,g
P-48933,0.00100000,80.0000,500.000,P-44312,g
P-50429,1.00000000,16.0000,100.000,P-44312,g
P-50587,1.00000000,0.3200,2.000,P-44312,Kg
I-4538,2.20462000,1.2987,5.000,P-44331,Kg
I-4593,1.00000000,2.0000,12.000,P-44363,CT
I-51440,1.00000000,14.0000,84.000,P-44363,g
I-6026,1.00000000,4.1667,25.000,P-44363,g
I-2158,1.00000000,1.0000,8.000,P-44392,CT
I-3497,0.00100000,0.3750,3.000,P-44392,g
I-3698,1.00000000,0.0250,0.200,P-44392,L
I-5983,1.00000000,2.5000,20.000,P-44392,L
P-50587,1.00000000,1.0000,1.000,P-44429,Kg
I-4787,0.00220462,1.2523,268.000,P-44475,g
I-1813,0.03381406,1.2500,5.000,P-44506,ml
I-4472,1.00000000,0.2500,1.000,P-44506,CT
I-4341,0.01259785,1.8000,90.000,P-44510,g
I-4712,1.00000000,0.0125,1.000,P-44585,CT
I-3387,0.00100000,41.6667,75.000,P-44633,ml
I-4978,1.00000000,1.1111,2.000,P-44633,Kg
P-18907,1.00000000,3.8889,7.000,P-44633,g
I-13635,0.00220462,333.3333,500.000,P-44651,g
I-3623,1.00000000,9.4493,14.174,P-44651,g
I-3660,0.88028169,0.3333,0.500,P-44651,L
I-3696,1000.00000000,0.6667,1.000,P-44651,L
I-4574,2.20462000,0.6667,1.000,P-44651,Kg
I-4657,0.00220462,18.8993,28.349,P-44651,g
I-4660,0.00220462,18.8993,28.349,P-44651,g
I-5983,1.00000000,0.3333,0.500,P-44651,L
I-6026,1.00000000,30.0000,45.000,P-44651,g
I-4772,1.00000000,0.0222,1.000,P-44728,BUNCH
P-40595,1.00000000,0.3000,0.300,P-44753,L
P-44331,1.00000000,1.0000,1.000,P-44753,Kg
I-3591,1.00000000,24.1935,75.000,P-44760,g
I-4509,2.20462000,0.2419,0.750,P-44760,Kg
P-43674,1.00000000,32.2581,100.000,P-44760,ml
P-52997,1.00000000,0.9677,3.000,P-44760,Kg
I-4983,35.27399000,1.5385,1.000,P-44901,Kg
I-1813,0.03381406,28.1250,45.000,P-44913,ml
I-3387,0.00100000,18.7500,30.000,P-44913,ml
I-4472,1.00000000,4.3750,7.000,P-44913,CT
I-4973,1.00000000,562.5000,900.000,P-44913,g
P-18907,1.00000000,3.1250,5.000,P-44913,g
I-3622,0.00100000,13.6986,100.000,P-45062,g
I-3632,1.00000000,6.8493,50.000,P-45062,g
I-3639,1.00000000,13.6986,100.000,P-45062,g
I-3643,0.00100000,6.8493,50.000,P-45062,g
I-40936,1000.00000000,0.9589,7.000,P-45062,Kg
I-4724,2.20462000,1.6667,1.000,P-46492,Kg
I-35791,1000.00000000,1.1111,3.000,P-46862,Kg
I-4693,1.00000000,0.0017,1.000,P-46864,CT
I-4709,1.00000000,0.0128,1.000,P-46865,CT
I-2911,0.00100000,0.0357,25.000,P-47322,g
I-3318,1.00000000,0.0357,25.000,P-47322,g
I-3621,1.00000000,0.0143,10.000,P-47322,g
I-3632,1.00000000,0.0714,50.000,P-47322,g
I-3639,1.00000000,0.0714,50.000,P-47322,g
I-3640,1.00000000,0.4286,300.000,P-47322,g
I-3643,0.00100000,0.1429,100.000,P-47322,g
I-6026,1.00000000,0.1429,100.000,P-47322,g
P-19208,0.00100000,1.0000,500.000,P-47355,g
P-50850,1.00000000,0.0400,20.000,P-47355,ml
I-17047,2.20462000,1.0462,10.200,P-47511,Kg
I-3560,0.00100000,0.4000,30.000,P-47684,ml
P-26514,1.00000000,0.1333,10.000,P-47684,g
P-57093,1.00000000,0.4000,30.000,P-47684,g
P-9741,0.00100000,0.2667,20.000,P-47684,g
P-26514,1.00000000,1.0000,100.000,P-48495,g
I-4375,1.00000000,8.4211,48.000,P-48933,CT
I-12176,0.00100000,3.7500,3.000,P-49176,g
I-16979,2.20462000,1.2500,1.000,P-49176,Kg
I-26014,1.00000000,37.5000,30.000,P-49176,ml
I-4695,0.00220462,1.5556,700.000,P-50429,g
I-3388,0.00100000,16.6667,200.000,P-50473,ml
I-3435,0.00101284,58.3333,700.000,P-50473,g
I-3695,0.00100000,8.3333,100.000,P-50473,ml
I-4657,0.00220462,8.3333,100.000,P-50473,g
I-57545,1.00000000,0.8333,10.000,P-50473,Kg
P-18907,1.00000000,2.5000,30.000,P-50473,g
P-32673,1.00000000,0.8333,10.000,P-50473,L
P-34123,1.00000000,0.0833,1.000,P-50473,Kg
P-43702,1.00000000,0.0833,1.000,P-50473,Kg
I-5983,0.00100000,500.0000,1000.000,P-50495,ml
I-6820,0.00100000,500.0000,1000.000,P-50495,g
I-12176,0.00100000,2.5000,10.000,P-50497,g
I-3388,0.00100000,25.0000,100.000,P-50497,ml
I-3424,2.20462000,0.5000,2.000,P-50497,Kg
I-5983,1.00000000,7.5000,30.000,P-50497,L
I-4508,0.00220462,1.0526,200.000,P-50500,g
I-3619,1.00000000,2.3256,100.000,P-50535,g
I-3660,1.00000000,0.0314,1.350,P-50535,Kg
I-3695,1.00000000,0.0372,1.600,P-50535,L
I-4508,0.00220462,4.6512,200.000,P-50535,g
I-4657,0.00220462,13.9535,600.000,P-50535,g
I-4743,0.00220462,13.9535,600.000,P-50535,g
I-4764,1.00000000,0.4651,20.000,P-50535,CT
I-5983,1.00000000,0.9302,40.000,P-50535,L
I-6026,1000.00000000,0.0512,2.200,P-50535,Kg
I-4750,1.00000000,1.0870,25.000,P-50547,lb
I-4933,2.20462000,1.1111,10.000,P-50587,Kg
I-4598,1.25000000,1.3333,10.000,P-50619,Kg
I-4932,1.00000000,0.0714,1.000,P-50657,lb
I-4919,0.00220462,1.5133,454.000,P-50676,g
I-3624,0.00100000,0.0100,5.000,P-50677,g
I-3660,0.00100000,0.2500,125.000,P-50677,g
I-5983,0.00100000,1.0000,500.000,P-50677,ml
I-9382,0.00100000,0.2400,120.000,P-50677,ml
P-21077,0.00100000,0.5000,250.000,P-50677,g
I-3660,0.00100000,0.2500,125.000,P-50683,g
I-40451,1.00000000,0.0100,5.000,P-50683,g
I-5983,0.00100000,0.2400,120.000,P-50683,ml
I-9382,0.00100000,0.2400,120.000,P-50683,ml
P-9713,0.00220462,0.5000,250.000,P-50683,g
I-12176,0.00100000,0.0200,10.000,P-50686,g
I-3660,0.00100000,0.1000,50.000,P-50686,g
I-4558,0.00220462,1.0000,500.000,P-50686,g
I-9382,0.00100000,0.2600,130.000,P-50686,ml
I-12176,0.00100000,0.0100,1.000,P-50689,g
I-3388,0.00100000,0.1000,10.000,P-50689,ml
I-3643,0.00100000,0.0050,0.500,P-50689,g
P-9756,0.00100000,1.0000,100.000,P-50689,g
I-10866,1.00000000,1.0417,5.000,P-50690,Kg
P-50692,1.00000000,0.7692,100.000,P-50691,g
I-6820,0.00100000,0.1000,10.000,P-50692,g
I-7388,0.00100000,1.0000,100.000,P-50692,g
P-18907,1.00000000,0.0100,1.000,P-50692,g
P-26062,1.00000000,0.6667,2.000,P-50720,Kg
P-59921,1.00000000,0.3333,1.000,P-50720,Kg
I-1813,0.03381406,33.3333,50.000,P-50784,ml
I-4472,1.00000000,8.0000,12.000,P-50784,CT
P-18907,1.00000000,13.3333,20.000,P-50784,g
I-1813,0.03381406,24.0000,60.000,P-50803,ml
I-3321,0.00142019,24.0000,60.000,P-50803,ml
I-3352,1.00000000,0.8000,2.000,P-50803,L
I-6026,1.00000000,4.0000,10.000,P-50803,g
P-53745,0.00100000,14.0000,35.000,P-50803,g
I-1813,0.03381406,15.0000,75.000,P-50830,ml
I-19665,1.00000000,1.0000,5.000,P-50830,Kg
I-3392,0.00100000,6.0000,30.000,P-50830,ml
I-47774,0.00100000,20.0000,100.000,P-50830,ml
P-18907,1.00000000,5.0000,25.000,P-50830,g
P-7444,0.00100000,15.0000,75.000,P-50830,ml
I-40936,1.00000000,155.5556,700.000,P-50831,g
P-50830,1.00000000,0.8889,4.000,P-50831,Kg
I-4785,2.20462000,0.5669,1.000,P-50840,Kg
I-3660,0.00084535,0.0227,15.000,P-50850,ml
I-3696,1.00000000,0.9091,600.000,P-50850,ml
I-47774,0.00100000,0.0152,10.000,P-50850,ml
I-5983,0.00100000,0.0909,60.000,P-50850,ml
I-6026,1.00000000,0.0015,1.000,P-50850,g
I-58278,2.20462000,1.2000,6.000,P-50851,Kg
I-3589,0.00220462,0.0036,2.000,P-50852,g
P-43674,1.00000000,0.1364,75.000,P-50852,ml
P-50851,0.00100000,0.9091,500.000,P-50852,g
I-1813,0.03381406,0.1000,10.000,P-50854,ml
P-18907,1.00000000,0.0100,1.000,P-50854,g
P-50831,0.00100000,1.0000,100.000,P-50854,g
I-4927,1.00000000,1.2500,500.000,P-50855,g
P-43674,1.00000000,0.0500,20.000,P-50855,ml
I-3660,0.00100000,0.2500,25.000,P-50881,g
I-3696,1.00000000,0.6000,60.000,P-50881,ml
I-6026,1.00000000,0.0250,2.500,P-50881,g
I-7705,0.00100000,0.3000,30.000,P-50881,ml
P-41300,1.00000000,1.0000,1.000,P-50883,Kg
P-50881,1.00000000,50.0000,50.000,P-50883,ml
I-17159,2.20462000,1.0000,1.000,P-50966,Kg
I-4008,0.00100000,1.2857,180.000,P-51130,g
P-18907,1.00000000,0.0714,10.000,P-51130,g
I-3851,1.00000000,0.9500,7.600,P-51131,Kg
P-50535,1.00000000,1.2500,10.000,P-51131,L
P-34084,1.00000000,10.0000,20.000,P-51508,g
I-4472,1.00000000,0.2500,1.000,P-51510,CT
I-33795,2.20462000,1.1350,2.270,P-51568,Kg
P-18907,1.00000000,2.5000,5.000,P-51568,g
P-39057,1.00000000,5.0000,10.000,P-51568,g
I-4016,1.00000000,0.7500,1.200,P-51579,Kg
I-51440,1.00000000,52.5000,84.000,P-51579,g
P-33530,0.00100000,218.7500,350.000,P-51579,g
I-4919,2.20462000,0.0020,1.000,P-52036,Kg
I-2158,1.00000000,1.0000,1.000,P-52753,CT
I-3388,0.00100000,15.0000,15.000,P-52753,ml
P-18907,1.00000000,0.5000,0.500,P-52753,g
I-5130,2.20462000,0.7500,0.750,P-52997,Kg
I-3619,1.00000000,1.4045,5.000,P-53256,g
I-3658,0.00100000,210.6742,750.000,P-53256,g
I-3698,0.00100000,105.3371,375.000,P-53256,ml
I-47774,1.00000000,0.5056,1.800,P-53256,L
I-4796,0.00220462,7.0225,25.000,P-53256,g
P-26020,0.00100000,33.7079,120.000,P-53256,g
P-43440,0.00100000,127.5281,454.000,P-53256,g
I-3141,1.00000000,29.1262,300.000,P-53277,ml
I-5983,1.00000000,0.9709,10.000,P-53277,L
P-57227,1.00000000,0.1942,2.000,P-53277,Kg
I-4787,2.20462000,1.1111,1.000,P-53745,Kg
I-3388,0.00100000,88.9680,100.000,P-54203,ml
I-4737,2.20462000,2.0018,2.250,P-54203,Kg
P-18907,1.00000000,8.8968,10.000,P-54203,g
I-3458,0.00093897,40.0000,200.000,P-55494,g
I-36672,2.20462000,0.5000,2.500,P-55494,Kg
I-5983,1.00000000,1.0000,5.000,P-55494,L
I-22026,0.00100000,28.0000,70.000,P-56398,ml
I-4712,1.00000000,1.6000,4.000,P-56398,CT
P-24750,0.00100000,16.0000,40.000,P-56398,g
P-44913,1.00000000,0.8000,2.000,P-56398,Kg
P-50587,0.00100000,80.0000,200.000,P-56398,g
P-56811,0.00100000,10.0000,25.000,P-56398,g
P-9854,1.00000000,1.0000,1.000,P-56487,Kg
P-51130,1.00000000,1.0000,150.000,P-56717,g
I-52090,1.00000000,1.0000,1.000,P-56795,CT
P-18907,1.00000000,0.5000,0.500,P-56795,g
I-4894,2.20462000,1.0000,1.000,P-56797,Kg
I-4787,2.20462000,1.1350,4.540,P-56811,Kg
I-5983,1.00000000,5.0000,10.000,P-56890,L
I-6026,1.00000000,15.0000,30.000,P-56890,g
I-8864,1000.00000000,0.5000,1.000,P-56890,Kg
I-3388,0.00100000,40.0000,200.000,P-56891,ml
I-3435,0.00101284,140.0000,700.000,P-56891,g
I-3695,0.00100000,20.0000,100.000,P-56891,ml
I-4657,0.00220462,20.0000,100.000,P-56891,g
P-32673,1.00000000,2.0000,10.000,P-56891,L
P-34123,1.00000000,0.2000,1.000,P-56891,Kg
P-43702,1.00000000,0.2000,1.000,P-56891,Kg
I-30068,2.20462000,0.0012,1.000,P-56921,Kg
I-3387,0.00100000,0.0182,15.000,P-56923,ml
I-4920,2.20462000,0.0012,1.000,P-56923,Kg
P-18907,1.00000000,0.0061,5.000,P-56923,g
I-30101,0.45359200,1.4000,14.000,P-56932,lb
I-4628,0.00332226,1.0909,300.000,P-57093,g
I-4796,2.20462000,1.1111,1.000,P-57143,Kg
I-6876,1.00000000,0.0030,1.000,P-57183,lb
P-39167,1.00000000,0.5000,2.000,P-57227,Kg
P-41094,1.00000000,0.2500,1.000,P-57227,Kg
P-41095,1.00000000,0.2500,1.000,P-57227,Kg
I-4894,2.20462000,1.0000,1.000,P-57370,Kg
P-19175,1.00000000,1.0455,11.500,P-57499,Kg
I-3387,0.00100000,200.0000,500.000,P-58261,ml
I-3392,0.00100000,100.0000,250.000,P-58261,ml
I-47774,0.00100000,160.0000,400.000,P-58261,ml
P-24750,0.00100000,160.0000,400.000,P-58261,g
P-34880,0.00100000,200.0000,500.000,P-58261,g
P-48933,0.00100000,340.0000,850.000,P-58261,g
P-34116,1.00000000,0.2222,3.000,P-58343,Kg
P-50547,2.20462000,0.3333,4.500,P-58343,Kg
P-50619,1.00000000,0.2222,3.000,P-58343,Kg
P-50840,2.20462000,0.2222,3.000,P-58343,Kg
I-30101,1.00000000,0.5000,1.000,P-59921,Kg
I-5003,1.00000000,0.5000,1.000,P-59921,Kg
I-35791,1000.00000000,0.4364,1.200,P-61308,Kg
I-35792,1.00000000,18.1818,50.000,P-61308,g
I-5983,1.00000000,0.5455,1.500,P-61308,L
I-6026,1.00000000,2.5455,7.000,P-61308,g
P-26020,0.00100000,3.6364,10.000,P-61308,g
I-3387,1.00000000,0.2500,1.000,P-7444,L
I-4657,1.00000000,1.2500,5.000,P-7444,lb
I-10882,0.00100000,28.5714,120.000,P-7565,ml
I-3348,1.00000000,0.9524,4.000,P-7565,L
I-3647,0.00100000,1.1905,5.000,P-7565,g
I-6026,1.00000000,4.7619,20.000,P-7565,g
I-6443,0.03381406,104.7619,440.000,P-7565,ml
I-3149,1.00000000,1.6322,2.840,P-7635,L
I-3497,0.00100000,0.0500,20.000,P-8202,g
I-3622,0.00100000,0.2250,90.000,P-8202,g
I-3630,0.03527399,0.2250,90.000,P-8202,g
I-3643,0.00100000,0.0250,10.000,P-8202,g
I-3657,0.00100000,0.2500,100.000,P-8202,g
I-5978,1.00000000,0.2250,90.000,P-8202,g
I-5983,1.00000000,0.3571,2.000,P-8205,L
P-51131,1.00000000,1.4286,8.000,P-8205,Kg
P-8202,1.00000000,71.4286,400.000,P-8205,g
I-4550,1.00000000,1.2500,50.000,P-9710,lb
I-4556,1.00000000,1.2500,50.000,P-9712,lb
I-4589,1.00000000,1.1111,50.000,P-9713,lb
P-9713,1.00000000,1.0000,1.000,P-9714,lb
P-48933,1.00000000,1.0000,1.000,P-9738,Kg
P-48933,1.00000000,1.0000,1.000,P-9741,Kg
I-4962,2.20462000,1.1111,1.000,P-9756,Kg
P-28217,0.00100000,57.8947,275.000,P-9838,ml
P-9710,2.20462000,0.2863,1.360,P-9838,Kg
P-9712,2.20462000,0.2863,1.360,P-9838,Kg
P-9714,2.20462000,0.2105,1.000,P-9838,Kg
P-9851,1.00000000,0.2105,1.000,P-9838,Kg
I-13050,1.00000000,1.7370,13.000,P-9851,lb
I-4521,1.00000000,1.6034,12.000,P-9851,lb
I-4826,1.00000000,2.5196,48.000,P-9854,BUNCH
I-52016,1.00000000,1.0000,1.000,R-28249,ea
P-26065,0.00100000,1.0000,40.000,R-28249,ml
P-35272,1.00000000,1.0000,20.000,R-28249,g
P-35273,0.00100000,1.0000,20.000,R-28249,g
P-56795,1.00000000,1.0000,1.000,R-28249,ea
I-14181,1.00000000,1.0000,1.000,R-28250,slice
I-52016,1.00000000,1.0000,1.000,R-28250,ea
P-26065,0.00100000,1.0000,40.000,R-28250,ml
P-35272,1.00000000,1.0000,20.000,R-28250,g
P-35273,0.00100000,1.0000,20.000,R-28250,g
P-56795,1.00000000,1.0000,1.000,R-28250,ea
I-17615,1.00000000,1.0000,1.000,R-28251,slice
I-52016,1.00000000,1.0000,1.000,R-28251,ea
P-26069,1.00000000,1.0000,10.000,R-28251,g
P-26333,0.00100000,1.0000,10.000,R-28251,ml
P-35132,1.00000000,1.0000,1.000,R-28251,ea
P-35273,0.00100000,1.0000,20.000,R-28251,g
P-46862,0.00100000,1.0000,20.000,R-28251,g
P-51508,1.00000000,1.0000,2.000,R-28251,slice
P-56398,0.00100000,1.0000,25.000,R-28251,g
P-26055,1.00000000,1.0000,125.000,R-28280,g
P-26056,1.00000000,1.0000,1.000,R-28280,ea
P-26069,15.00000000,1.0000,1.000,R-28280,ea
P-34084,1.00000000,1.0000,10.000,R-28280,g
P-51568,0.00100000,1.0000,150.000,R-28280,g
R-28288,1.00000000,1.0000,0.500,R-28280,ea
I-27407,1.00000000,1.0000,2.000,R-28288,ea
I-3388,0.00100000,1.0000,10.000,R-29391,ml
I-4796,0.00220462,1.0000,1.000,R-29391,g
P-18318,1.00000000,1.0000,5.000,R-29391,g
P-27492,0.00100000,1.0000,56.000,R-29391,ml
P-28258,0.00100000,1.0000,150.000,R-29391,g
P-34121,0.00100000,1.0000,90.000,R-29391,g
P-50690,0.00100000,1.0000,15.000,R-29391,g
P-58343,0.00100000,1.0000,135.000,R-29391,g
I-29688,1.00000000,1.0000,1.000,R-30406,ea
P-25893,0.00100000,1.0000,60.000,R-32750,g
P-26143,0.00100000,1.0000,180.000,R-32750,g
P-26381,0.00100000,1.0000,10.000,R-32750,ml
P-32657,0.00100000,1.0000,175.000,R-32750,g
P-32658,0.00100000,1.0000,56.000,R-32750,g
P-39057,1.00000000,1.0000,2.000,R-32750,g
I-3560,0.00100000,1.0000,75.000,R-33532,ml
I-3590,0.00100000,1.0000,0.500,R-33532,g
P-33531,0.00220462,1.0000,10.000,R-33532,g
P-39057,1.00000000,1.0000,2.000,R-33532,g
P-44510,1.00000000,1.0000,3.000,R-33532,g
P-51579,0.00100000,1.0000,150.000,R-33532,g
P-55494,0.00100000,1.0000,180.000,R-33532,g
I-14181,1.00000000,1.0000,1.000,R-35714,slice
I-3348,0.00094667,1.0000,30.000,R-35714,g
I-52016,1.00000000,1.0000,1.000,R-35714,ea
P-35258,0.00100000,1.0000,10.000,R-35714,g
P-35272,1.00000000,1.0000,20.000,R-35714,g
P-35273,0.00100000,1.0000,20.000,R-35714,g
P-35713,1.00000000,1.0000,1.000,R-35714,ea
P-46862,0.00100000,1.0000,50.000,R-35714,g
I-2141,0.00100000,1.0000,10.000,R-36568,g
I-3387,0.00100000,1.0000,15.000,R-36568,ml
I-4463,0.00220462,1.0000,10.000,R-36568,g
P-25993,1.00000000,1.0000,0.500,R-36568,g
P-26216,0.00100000,1.0000,180.000,R-36568,g
P-36566,0.00100000,1.0000,100.000,R-36568,ml
P-50500,1.00000000,1.0000,2.000,R-36568,g
P-50966,0.00100000,1.0000,40.000,R-36568,g
P-26062,0.00100000,1.0000,45.000,R-36666,g
P-26143,0.00100000,1.0000,180.000,R-36666,g
P-26383,0.00100000,1.0000,40.000,R-36666,ml
P-26514,1.00000000,1.0000,6.000,R-36666,g
P-44392,1.00000000,1.0000,2.000,R-36666,each
P-44506,1.00000000,1.0000,1.000,R-36666,each
P-44633,0.00100000,1.0000,50.000,R-36666,g
P-49176,0.00100000,1.0000,25.000,R-36666,g
P-61308,0.00100000,1.0000,10.000,R-36666,g
P-7635,0.00100000,1.0000,25.000,R-36666,g
I-2141,0.00100000,1.0000,10.000,R-37093,g
I-37005,1.00000000,1.0000,150.000,R-37093,g
P-26226,0.02840000,1.0000,6.000,R-37093,fl oz
P-50429,1.00000000,1.0000,2.000,R-37093,g
P-50497,0.00100000,1.0000,180.000,R-37093,g
I-52016,1.00000000,1.0000,1.000,R-43964,ea
P-47684,1.00000000,1.0000,30.000,R-43964,ml
P-56717,1.00000000,1.0000,150.000,R-43964,g
P-9838,0.00100000,1.0000,8.000,R-43964,g
P-44311,0.00100000,1.0000,15.000,R-44319,ml
P-44312,0.00100000,1.0000,90.000,R-44319,g
I-1035,1.00000000,1.0000,1.000,R-44362,CT
P-28994,0.00100000,1.0000,90.000,R-44362,g
P-42160,0.00100000,1.0000,20.000,R-44362,ml
P-43341,0.00100000,1.0000,50.000,R-44362,g
P-44363,0.00100000,1.0000,140.000,R-44362,g
P-57183,1.00000000,1.0000,20.000,R-44362,g
R-44319,1.00000000,1.0000,1.000,R-44362,ea
I-3688,1.00000000,1.0000,2.000,R-44583,CT
P-25761,0.00220462,1.0000,10.000,R-44583,g
P-26140,0.00100000,1.0000,15.000,R-44583,g
P-44585,1.00000000,1.0000,22.000,R-44583,g
P-44651,0.00100000,1.0000,10.000,R-44583,g
P-50720,0.00100000,1.0000,20.000,R-44583,g
P-8205,0.00100000,1.0000,55.000,R-44583,g
P-9712,0.00220462,1.0000,10.000,R-44583,g
I-3589,0.00220462,1.0000,1.000,R-50359,g
I-3591,1.00000000,1.0000,1.000,R-50359,g
I-5021,0.00220462,1.0000,15.000,R-50359,g
I-54025,0.00100000,1.0000,30.000,R-50359,ml
P-24750,0.00100000,1.0000,2.000,R-50359,g
P-34832,0.00100000,1.0000,75.000,R-50359,g
P-44760,0.00100000,1.0000,60.000,R-50359,g
P-50883,0.00100000,1.0000,180.000,R-50359,g
P-56487,0.00100000,1.0000,15.000,R-50359,g
P-56932,0.00220462,1.0000,15.000,R-50359,g
P-9738,0.00100000,1.0000,4.000,R-50359,g
I-54025,0.00100000,1.0000,50.000,R-50360,ml
P-24750,0.00100000,1.0000,4.000,R-50360,g
P-40584,0.00100000,1.0000,10.000,R-50360,g
P-42425,1.00000000,1.0000,30.000,R-50360,g
P-42504,1.00000000,1.0000,5.000,R-50360,g
P-44475,1.00000000,1.0000,10.000,R-50360,g
P-44633,0.00100000,1.0000,50.000,R-50360,g
P-47355,1.00000000,1.0000,40.000,R-50360,g
P-48933,0.00100000,1.0000,4.000,R-50360,g
P-50852,1.00000000,1.0000,75.000,R-50360,g
P-50883,0.00100000,1.0000,180.000,R-50360,g
I-4852,0.00220462,1.0000,40.000,R-50362,g
P-24750,0.00100000,1.0000,4.000,R-50362,g
P-35258,0.00100000,1.0000,10.000,R-50362,g
P-44753,0.00100000,1.0000,60.000,R-50362,g
P-46864,1.00000000,1.0000,20.000,R-50362,g
P-48933,0.00100000,1.0000,4.000,R-50362,g
P-50854,1.00000000,1.0000,110.000,R-50362,g
P-50855,1.00000000,1.0000,20.000,R-50362,g
P-50883,0.00100000,1.0000,175.000,R-50362,g
P-7565,0.00100000,1.0000,30.000,R-50362,ml
I-14181,1.00000000,1.0000,1.000,R-50368,slice
I-2310,1.00000000,1.0000,2.000,R-50368,slice
I-3348,0.00100000,1.0000,40.000,R-50368,ml
I-4463,0.00220462,1.0000,10.000,R-50368,g
P-18907,1.00000000,1.0000,0.250,R-50368,g
P-26057,1.00000000,1.0000,1.000,R-50368,ea
P-26058,0.00100000,1.0000,5.000,R-50368,ml
P-46862,0.00100000,1.0000,40.000,R-50368,g
R-30406,1.00000000,1.0000,1.000,R-50368,ea
I-3458,0.00093897,1.0000,50.000,R-50700,g
P-18318,1.00000000,1.0000,5.000,R-50700,g
P-26086,0.00100000,1.0000,60.000,R-50700,ml
P-26143,0.00100000,1.0000,180.000,R-50700,g
P-50677,1.00000000,1.0000,30.000,R-50700,g
P-50683,1.00000000,1.0000,30.000,R-50700,g
P-50686,1.00000000,1.0000,50.000,R-50700,g
P-50689,1.00000000,1.0000,50.000,R-50700,g
P-50691,1.00000000,1.0000,80.000,R-50700,g
P-54203,0.00100000,1.0000,54.000,R-50700,g
I-1286,1.00000000,1.0000,1.000,R-51190,CT
I-17618,1.00000000,1.0000,1.000,R-51190,slice
P-25871,1.00000000,1.0000,10.000,R-51190,g
P-50657,1.00000000,1.0000,2.000,R-51190,slice
P-50803,0.00100000,1.0000,30.000,R-51190,ml
P-51510,1.00000000,1.0000,1.000,R-51190,PTN
P-52753,1.00000000,1.0000,1.000,R-51190,ea
I-2141,0.00100000,1.0000,10.000,R-56893,g
P-50429,1.00000000,1.0000,3.000,R-56893,g
P-50473,0.00100000,1.0000,60.000,R-56893,g
P-56890,0.00100000,1.0000,225.000,R-56893,g
P-56891,0.00100000,1.0000,180.000,R-56893,ml
P-18746,1.00000000,1.0000,1.000,P-10241,Kg
I-3451,1.00000000,1.2800,2.560,P-13933,L
I-3363,1.00000000,1.0000,5.000,P-15353,lb
I-43608,1.00000000,0.0020,0.010,P-15353,can
I-5983,0.00100000,100.0000,500.000,P-15353,ml
I-4915,2.85714000,1.0714,3.000,P-20368,Kg
I-3159,1.00000000,0.0010,1.000,P-22247,bottle
I-3643,0.00100000,0.1837,225.000,P-26019,g
I-6026,1.00000000,0.8163,1000.000,P-26019,g
I-11185,35.27399000,0.3333,1.100,P-26021,Kg
I-5983,1.00000000,0.6667,2.200,P-26021,L
I-11215,0.00220462,0.1990,1.000,P-26076,g
I-14179,0.00100000,56.7164,285.000,P-26076,g
I-17615,1.00000000,3.9801,20.000,P-26076,slice
I-2141,0.00100000,56.7164,285.000,P-26076,g
I-2251,1.00000000,0.7960,4.000,P-26076,L
I-3291,0.00100000,44.7761,225.000,P-26076,g
I-3619,1.00000000,0.1990,1.000,P-26076,g
I-4745,0.00220462,44.7761,225.000,P-26076,g
I-8060,1.00000000,44.7761,225.000,P-26076,g
P-18907,1.00000000,0.9950,5.000,P-26076,g
I-36672,2.20462000,0.5000,2.250,P-26090,Kg
I-5983,1.00000000,0.7778,3.500,P-26090,L
P-41468,1.00000000,1.7637,16.000,P-26136,L
P-50547,2.20462000,1.2522,11.360,P-26136,Kg
I-3312,0.03527399,74.0741,500.000,P-26164,g
I-3629,0.03527399,74.0741,500.000,P-26164,g
I-3630,0.03527399,55.5556,375.000,P-26164,g
I-3632,1.00000000,37.0370,250.000,P-26164,g
I-3637,1.00000000,37.0370,250.000,P-26164,g
I-3640,1.00000000,111.1111,750.000,P-26164,g
I-3643,0.00100000,74.0741,500.000,P-26164,g
I-3658,0.00100000,222.2222,1500.000,P-26164,g
I-3660,0.00100000,74.0741,500.000,P-26164,g
I-6026,1.00000000,148.1481,1000.000,P-26164,g
I-6466,1.00000000,92.5926,625.000,P-26164,g
I-3388,0.00100000,444.8399,500.000,P-26205,ml
I-4725,2.20462000,2.0018,2.250,P-26205,Kg
P-25993,1.00000000,17.7936,20.000,P-26205,g
I-3388,0.22720000,0.2500,0.500,P-26229,cup
I-3408,1.00000000,0.5000,1.000,P-26229,lb
I-5983,1.00000000,1.0000,2.000,P-26229,L
I-6026,1.00000000,22.5000,45.000,P-26229,g
I-4589,2.20462000,0.1000,1.000,P-26311,Kg
I-4598,1.25000000,0.1000,1.000,P-26311,Kg
I-4745,2.20462000,0.2000,2.000,P-26311,Kg
I-5983,1.00000000,1.0000,10.000,P-26311,L
I-17159,2.20462000,0.8303,1.130,P-26378,Kg
I-3388,0.00100000,33.0639,45.000,P-26378,ml
I-3692,0.00100000,22.0426,30.000,P-26378,ml
P-18907,1.00000000,7.3475,10.000,P-26378,g
P-26020,0.00100000,11.0213,15.000,P-26378,g
P-50500,1.00000000,11.0213,15.000,P-26378,g
P-56797,0.00100000,40.4115,55.000,P-26378,g
I-22224,1.00000000,0.9965,2.260,P-26380,Kg
I-4341,12.59785000,0.0588,0.100,P-26382,Kg
I-4787,2.20462000,0.0676,0.115,P-26382,Kg
I-4978,1.00000000,0.1324,0.225,P-26382,Kg
P-26020,1.00000000,0.0324,0.055,P-26382,Kg
P-26164,1.00000000,0.0441,0.075,P-26382,Kg
P-26381,1.00000000,0.0294,0.050,P-26382,L
P-31957,1.00000000,0.3071,0.522,P-26382,Kg
P-38515,1.00000000,0.1324,0.225,P-26382,Kg
P-38516,1000.00000000,0.1324,0.225,P-26382,Kg
P-45194,1.00000000,0.1324,0.225,P-26382,Kg
P-57962,1.00000000,0.1324,0.225,P-26382,Kg
I-3392,0.00100000,27.5573,125.000,P-26390,ml
I-36577,2.20462000,0.5511,2.500,P-26390,Kg
I-5983,1.00000000,1.1023,5.000,P-26390,L
I-6026,1.00000000,0.4409,2.000,P-26390,g
I-15358,1.00000000,55.1268,50.000,P-26393,ea
I-51440,1.00000000,108.0485,98.000,P-26393,g
I-6026,1.00000000,27.5634,25.000,P-26393,g
P-28989,1.00000000,1.0909,3.000,P-26401,Kg
P-32809,0.00100000,16.3636,45.000,P-26401,g
I-14179,1.00000000,0.1420,2.500,P-26459,Kg
I-2146,1.00000000,0.0852,1.500,P-26459,Kg
I-5022,1.00000000,0.0642,1.130,P-26459,Kg
P-26076,1.00000000,0.0568,1.000,P-26459,L
P-26226,1.00000000,0.1614,2.840,P-26459,L
P-26229,2.20462000,0.2557,4.500,P-26459,Kg
P-55127,1.00000000,0.2841,5.000,P-26459,Kg
I-2158,1.00000000,1.0000,1.000,P-26481,CT
I-4521,1.00000000,1.0000,5.000,P-26527,lb
P-18907,1.00000000,3.0000,15.000,P-26527,g
I-3149,1.00000000,1.6322,2.840,P-31957,L
I-18803,4.00000000,0.4348,1.000,P-32459,4L
I-3223,1.00000000,1.1360,2.840,P-32739,L
I-3284,0.00200000,8.0000,20.000,P-32739,ml
I-3660,0.00100000,100.0000,250.000,P-32739,g
I-1813,0.03381406,9.0909,20.000,P-32800,ml
I-3654,1.00000000,2.2727,5.000,P-32800,g
I-42360,1.00000000,2.2727,5.000,P-32800,g
I-4341,1.00000000,0.4545,1.000,P-32800,CT
I-4375,1.00000000,0.4545,1.000,P-32800,CT
I-4660,0.00220462,4.5455,10.000,P-32800,g
I-60772,0.00100000,81.8182,180.000,P-32800,ml
P-18907,1.00000000,2.2727,5.000,P-32800,g
P-26020,0.00100000,5.4545,12.000,P-32800,g
P-28989,1.00000000,0.8182,1.800,P-32800,Kg
P-9765,0.00100000,204.5455,450.000,P-32800,g
I-3629,0.03527399,167.0000,167.000,P-32809,g
I-3630,0.03527399,167.0000,167.000,P-32809,g
I-3632,1.00000000,167.0000,167.000,P-32809,g
I-3639,1.00000000,167.0000,167.000,P-32809,g
I-5978,1.00000000,167.0000,167.000,P-32809,g
I-6026,1.00000000,75.0000,75.000,P-32809,g
I-1813,0.03381406,15.0000,75.000,P-33555,ml
I-3348,1.00000000,0.8500,4.250,P-33555,L
I-3572,0.00100000,2.0000,10.000,P-33555,ml
P-18907,1.00000000,4.0000,20.000,P-33555,g
P-42499,0.00100000,50.0000,250.000,P-33555,ml
P-44728,1.00000000,7.0000,35.000,P-33555,g
P-46869,0.00100000,15.0000,75.000,P-33555,g
P-50583,1.00000000,10.0000,50.000,P-33555,g
P-50584,0.00100000,100.0000,500.000,P-33555,ml
P-7444,0.00100000,4.0000,20.000,P-33555,ml
I-3291,0.00100000,0.8195,454.000,P-33557,g
P-18907,1.00000000,0.0903,50.000,P-33557,g
I-4550,2.20462000,1.1667,21.000,P-34298,Kg
I-4626,0.00332226,1.3030,430.000,P-35255,g
I-30178,1.00000000,0.0267,4.000,P-35733,SHEET
I-30504,1.00000000,0.0333,5.000,P-35733,g
I-3590,0.00100000,0.8333,125.000,P-35733,g
I-3660,0.00100000,0.0333,5.000,P-35733,g
I-6026,1.00000000,0.0667,10.000,P-35733,g
I-4507,0.00555000,1.4583,175.000,P-35736,g
P-19175,1.00000000,1.0445,11.500,P-38515,Kg
P-24452,2.20462000,1.0132,11.550,P-38556,Kg
I-5983,1.00000000,1.0000,1.000,P-42499,L
I-19143,1.00000000,90.8000,454.000,P-43719,g
I-3182,1.00000000,0.4500,2.250,P-43719,Kg
I-3355,1000.00000000,0.7500,3.750,P-43719,L
I-3670,0.00100000,30.0000,150.000,P-43719,ml
I-6026,1.00000000,0.4000,2.000,P-43719,g
I-2158,1.00000000,1.0000,20.000,P-43737,CT
I-5983,1.00000000,0.5000,10.000,P-43737,L
I-16215,1.00000000,0.2500,1.000,P-43918,Kg
I-3392,0.00100000,125.0000,500.000,P-43918,ml
I-3590,0.00100000,25.0000,100.000,P-43918,g
I-3660,0.00100000,75.0000,300.000,P-43918,g
I-3696,1.00000000,187.5000,750.000,P-43918,ml
I-47774,0.00100000,125.0000,500.000,P-43918,ml
I-5983,1.00000000,0.3750,1.500,P-43918,L
I-3454,1.00000000,1.6667,19.000,P-44652,L
I-8363,1.00000000,1.1111,20.000,P-44675,Kg
I-4699,1.00000000,1.6667,500.000,P-44964,g
I-3387,0.00100000,105.2632,500.000,P-45118,ml
P-18907,1.00000000,9.4737,45.000,P-45118,g
P-9851,1.00000000,1.0526,5.000,P-45118,Kg
P-9756,1.00000000,1.0000,1.000,P-45194,Kg
I-2603,2.20462000,0.0013,1.000,P-45231,Kg
I-51440,1.00000000,0.0500,40.000,P-45231,g
I-6026,1.00000000,0.0013,1.000,P-45231,g
I-4894,2.20462000,1.1765,1.000,P-46869,Kg
I-4709,1.00000000,0.6667,1.000,P-46870,CT
I-37478,1.00000000,3.3333,4.000,P-48487,g
I-4657,0.00220462,8.3333,10.000,P-48487,g
P-18907,1.00000000,5.0000,6.000,P-48487,g
P-44429,0.00100000,750.0000,900.000,P-48487,g
I-37469,1000.00000000,1.0753,1.000,P-48494,L
P-26514,1.00000000,32.2581,30.000,P-48494,g
I-1813,0.03381406,166.6667,500.000,P-49663,ml
I-3388,0.00100000,50.0000,150.000,P-49663,ml
I-3434,0.00100000,166.6667,500.000,P-49663,g
I-3630,0.03527399,5.0000,15.000,P-49663,g
I-4341,0.01259785,6.6667,20.000,P-49663,g
I-4695,0.00220462,6.6667,20.000,P-49663,g
I-5983,0.00100000,33.3333,100.000,P-49663,ml
I-6026,1.00000000,6.6667,20.000,P-49663,g
P-26020,0.00100000,26.6667,80.000,P-49663,g
P-26527,2.20462000,0.8333,2.500,P-49663,Kg
I-2251,1.00000000,0.9412,4.000,P-50464,L
I-3290,0.00100000,94.1176,400.000,P-50464,g
I-3638,1.00000000,0.7059,3.000,P-50464,g
I-6026,1.00000000,2.3529,10.000,P-50464,g
I-8060,1.00000000,94.1176,400.000,P-50464,g
P-22247,1.00000000,1.1111,500.000,P-50583,g
P-44652,1.00000000,1.0000,1.000,P-50584,Kg
I-4507,0.00555000,1.6154,1050.000,P-50636,g
I-3016,1.00000000,1.0345,3.000,P-50801,Kg
P-18907,1.00000000,2.0000,2.000,P-51230,g
P-48494,0.00100000,12.0000,12.000,P-51230,ml
P-53336,0.00100000,12.0000,12.000,P-51230,ml
I-4848,2.20462000,1.5385,1.000,P-51537,Kg
I-4572,2.20462000,1.0905,11.450,P-51582,Kg
P-44675,1.00000000,1.0101,10.000,P-51988,Kg
P-45062,1.00000000,0.2525,2.500,P-51988,Kg
I-3434,0.00100000,150.0000,150.000,P-53081,g
I-4472,1.00000000,5.0000,5.000,P-53081,CT
I-6026,1.00000000,2.0000,2.000,P-53081,g
I-6443,0.03381406,225.0000,225.000,P-53081,ml
P-26020,0.00100000,30.0000,30.000,P-53081,g
I-47399,1.00000000,0.6000,3.000,P-53126,Kg
P-18907,1.00000000,0.8000,4.000,P-53126,g
P-50464,1.00000000,0.8000,4.000,P-53126,L
I-3696,1.00000000,147.0588,1250.000,P-53336,ml
I-4657,0.00220462,29.4118,250.000,P-53336,g
P-26514,1.00000000,29.4118,250.000,P-53336,g
P-50636,1000.00000000,0.3529,3.000,P-53336,Kg
P-53745,1.00000000,0.5882,5.000,P-53336,Kg
I-1813,35.21126761,0.0769,1.000,P-53339,L
I-3233,1.00000000,0.3846,5.000,P-53339,Kg
I-3388,1.00000000,0.0769,1.000,P-53339,L
I-3625,1.00000000,0.9231,12.000,P-53339,g
I-3628,1.00000000,0.1538,2.000,P-53339,g
I-3630,0.03527399,3.0769,40.000,P-53339,g
I-3640,1.00000000,1.5385,20.000,P-53339,g
I-3654,1.00000000,1.5385,20.000,P-53339,g
I-4832,2.20462000,0.1231,1.600,P-53339,Kg
P-26311,1.00000000,0.4231,5.500,P-53339,L
P-53594,1.00000000,61.5385,800.000,P-53339,g
I-1820,0.00100000,200.0000,100.000,P-53341,ml
I-20206,0.00100000,40.0000,20.000,P-53341,g
I-3117,1.00000000,200.0000,100.000,P-53341,g
I-3388,0.00100000,500.0000,250.000,P-53341,ml
I-9382,0.00100000,200.0000,100.000,P-53341,ml
I-4341,1.00000000,0.0056,1.000,P-53594,CT
I-4724,0.00220462,0.1404,25.000,P-53594,g
I-4772,1.00000000,0.0056,1.000,P-53594,BUNCH
I-6876,1.00000000,0.0313,0.250,P-54697,lb
I-3625,1.00000000,2.7273,30.000,P-55098,g
I-43722,0.00100000,45.4545,500.000,P-55098,g
I-44059,0.00100000,45.4545,500.000,P-55098,g
P-35736,1000.00000000,0.1818,2.000,P-55098,Kg
P-43719,1.00000000,0.7273,8.000,P-55098,Kg
I-3389,0.00100000,10.0000,50.000,P-55127,ml
P-13933,1.00000000,0.2000,1.000,P-55127,L
P-18907,1.00000000,10.0000,50.000,P-55127,g
P-26020,0.00100000,40.0000,200.000,P-55127,g
P-34123,1.00000000,0.4000,2.000,P-55127,Kg
P-50689,1000.00000000,0.2000,1.000,P-55127,Kg
P-9714,2.20462000,0.3000,1.500,P-55127,Kg
I-3388,0.00100000,18.7500,150.000,P-55134,ml
I-4896,2.20462000,0.3125,2.500,P-55134,Kg
P-10241,1.00000000,0.3750,3.000,P-55134,Kg
P-18907,1.00000000,9.3750,75.000,P-55134,g
P-35258,1.00000000,0.3750,3.000,P-55134,Kg
I-3388,0.02954585,0.1100,1.000,P-55438,oz
I-37842,1.00000000,0.4994,4.540,P-55438,Kg
I-5983,1.00000000,2.2002,20.000,P-55438,L
I-6026,1.00000000,0.1100,1.000,P-55438,g
I-3688,1.00000000,32.0000,16.000,P-55548,CT
I-51440,1.00000000,236.0000,118.000,P-55548,g
I-6026,1.00000000,2.0000,1.000,P-55548,g
I-14179,0.00100000,150.0000,720.000,P-56500,g
I-2141,0.00100000,16.6667,80.000,P-56500,g
P-53126,1.00000000,0.3333,1.600,P-56500,L
P-55438,1.00000000,0.5000,2.400,P-56500,Kg
I-3389,0.00100000,30.3030,50.000,P-57097,ml
I-3624,0.00100000,3.0303,5.000,P-57097,g
I-43544,0.00100000,303.0303,500.000,P-57097,ml
P-18907,1.00000000,3.0303,5.000,P-57097,g
P-26020,0.00100000,30.3030,50.000,P-57097,g
P-44901,0.00100000,3.0303,5.000,P-57097,g
P-44964,1000.00000000,0.6061,1.000,P-57097,Kg
P-56797,0.00100000,30.3030,50.000,P-57097,g
I-4914,2.20462000,1.0526,1.000,P-57962,Kg
I-7710,1.00000000,0.3448,1.000,P-58348,CT
I-2979,1.00000000,0.5000,2.500,P-58350,g
I-3223,1.00000000,0.3000,1.500,P-58350,L
I-3389,0.00100000,18.0000,90.000,P-58350,ml
I-3468,0.92735000,0.3000,1.500,P-58350,Kg
I-3660,0.00100000,10.0000,50.000,P-58350,g
I-5983,0.00100000,150.0000,750.000,P-58350,ml
I-6026,1.00000000,1.4000,7.000,P-58350,g
I-6812,0.00100000,0.6000,3.000,P-58350,g
P-26226,1.00000000,0.2800,1.400,P-58350,L
P-38556,0.00100000,100.0000,500.000,P-58350,g
P-44901,0.00100000,0.6000,3.000,P-58350,g
P-51537,0.00100000,0.4000,2.000,P-58350,g
P-7444,0.00100000,9.0000,45.000,P-58350,ml
I-40951,1.00000000,1200.0000,1200.000,P-58353,g
I-3670,0.00100000,37.5000,60.000,P-58355,ml
I-6026,1.00000000,1.8750,3.000,P-58355,g
I-6812,0.00100000,1.2500,2.000,P-58355,g
P-44901,0.00100000,3.1250,5.000,P-58355,g
P-58348,1.00000000,1.2500,2.000,P-58355,Kg
I-3243,0.00220462,0.4762,100.000,P-58738,g
P-46870,1.00000000,0.0476,10.000,P-58738,g
P-50429,1.00000000,0.4762,100.000,P-58738,g
I-17557,0.00220462,0.7500,105.000,P-60548,g
I-51440,1.00000000,0.2143,30.000,P-60548,g
P-15353,0.00100000,0.6429,90.000,P-60548,ml
P-33557,1.00000000,0.1429,20.000,P-60548,g
I-1813,0.03381406,0.0101,40.000,P-61253,ml
I-2158,1.00000000,0.0010,4.000,P-61253,CT
I-2987,0.00100000,0.0106,42.000,P-61253,g
I-3243,0.00220462,0.0302,120.000,P-61253,g
I-3389,0.00100000,0.0151,60.000,P-61253,ml
I-3624,0.00100000,0.0005,2.000,P-61253,g
I-6026,1.00000000,0.0005,2.000,P-61253,g
P-26020,0.00100000,0.0101,40.000,P-61253,g
P-38556,1.00000000,0.0003,1.000,P-61253,Kg
P-45118,1.00000000,0.0004,1.600,P-61253,Kg
P-7736,0.00100000,0.1887,750.000,P-61253,g
I-3779,1.00000000,0.5556,3.000,P-7736,Kg
P-53277,1.00000000,1.1111,6.000,P-7736,L
P-18746,1.00000000,1.0000,1.000,P-9765,Kg
I-23753,0.00100000,1.0000,10.000,R-27273,g
I-4463,0.00220462,1.0000,15.000,R-27273,g
I-55414,1.00000000,1.0000,0.500,R-27273,each
P-18907,1.00000000,1.0000,0.100,R-27273,g
P-26136,0.00100000,1.0000,40.000,R-27273,g
P-26378,0.00100000,1.0000,75.000,R-27273,g
P-56398,0.00100000,1.0000,50.000,R-27273,g
I-3149,0.00094667,1.0000,50.000,R-27275,g
I-3388,0.00100000,1.0000,5.000,R-27275,ml
I-4472,1.00000000,1.0000,0.250,R-27275,CT
P-18907,1.00000000,1.0000,0.100,R-27275,g
P-24750,0.00100000,1.0000,2.000,R-27275,g
P-26021,0.00100000,1.0000,100.000,R-27275,g
P-26382,0.00100000,1.0000,100.000,R-27275,g
P-26383,0.00100000,1.0000,25.000,R-27275,ml
P-26481,1.00000000,1.0000,1.000,R-27275,ea
I-3388,0.00100000,1.0000,5.000,R-27405,ml
I-4472,1.00000000,1.0000,0.250,R-27405,CT
I-4712,1.00000000,1.0000,0.130,R-27405,CT
P-18907,1.00000000,1.0000,0.100,R-27405,g
P-26021,0.00100000,1.0000,125.000,R-27405,g
P-26062,0.00100000,1.0000,30.000,R-27405,g
P-26090,0.00100000,1.0000,125.000,R-27405,g
P-26140,0.00100000,1.0000,40.000,R-27405,g
P-26382,0.00100000,1.0000,150.000,R-27405,g
P-26383,0.00100000,1.0000,50.000,R-27405,ml
P-44475,1.00000000,1.0000,3.000,R-27405,g
P-55548,0.00100000,1.0000,10.000,R-27405,g
I-4695,0.00220462,1.0000,1.000,R-28396,g
P-26459,0.00100000,1.0000,250.000,R-28396,g
I-13254,0.00220462,1.0000,10.000,R-32886,g
I-1813,0.03381406,1.0000,5.000,R-32886,ml
I-3524,0.00100000,1.0000,40.000,R-32886,g
I-41181,1.00000000,1.0000,0.500,R-32886,ea
I-4896,0.00220462,1.0000,10.000,R-32886,g
P-26090,0.00100000,1.0000,150.000,R-32886,g
P-26383,0.00100000,1.0000,15.000,R-32886,ml
P-26401,0.00100000,1.0000,25.000,R-32886,g
P-32800,0.00100000,1.0000,100.000,R-32886,g
P-57183,1.00000000,1.0000,20.000,R-32886,g
I-4509,0.00220462,1.0000,10.000,R-43738,g
P-26390,0.00100000,1.0000,200.000,R-43738,g
P-26514,1.00000000,1.0000,2.000,R-43738,g
P-34298,0.00100000,1.0000,15.000,R-43738,g
P-35255,1.00000000,1.0000,15.000,R-43738,g
P-35733,1.00000000,1.0000,2.000,R-43738,g
P-43737,1.00000000,1.0000,1.000,R-43738,each
P-43918,0.00100000,1.0000,50.000,R-43738,ml
P-51582,0.00100000,1.0000,15.000,R-43738,g
I-51440,1.00000000,1.0000,70.000,R-44779,g
P-18907,1.00000000,1.0000,0.500,R-44779,g
P-51230,1.00000000,1.0000,1.000,R-44779,srvg
P-51988,0.00100000,1.0000,425.000,R-44779,g
I-14179,0.00100000,1.0000,15.000,R-48488,g
I-15358,1.00000000,1.0000,1.000,R-48488,ea
I-3146,0.00093884,1.0000,25.000,R-48488,g
I-3388,0.00100000,1.0000,5.000,R-48488,ml
P-24750,0.00100000,1.0000,1.000,R-48488,g
P-26057,1.00000000,1.0000,1.000,R-48488,ea
P-48487,0.00100000,1.0000,60.000,R-48488,ml
I-15033,0.00100000,1.0000,25.000,R-50555,g
I-2156,0.02834950,1.0000,6.000,R-50555,oz
I-3388,0.00100000,1.0000,15.000,R-50555,ml
I-4488,0.00220462,1.0000,20.000,R-50555,g
I-6434,0.00220462,1.0000,25.000,R-50555,g
P-18907,1.00000000,1.0000,1.000,R-50555,g
P-32459,0.00100000,1.0000,15.000,R-50555,g
P-50429,1.00000000,1.0000,3.000,R-50555,g
I-52016,1.00000000,1.0000,1.000,R-53084,ea
P-26069,1.00000000,1.0000,45.000,R-53084,g
P-44913,0.00100000,1.0000,60.000,R-53084,g
P-53081,0.00100000,1.0000,60.000,R-53084,ml
P-61253,1.00000000,1.0000,160.000,R-53084,g
I-1035,1.00000000,1.0000,0.500,R-53342,CT
I-17159,0.00220462,1.0000,20.000,R-53342,g
I-3898,0.00100000,1.0000,80.000,R-53342,g
I-40944,1.00000000,1.0000,5.000,R-53342,g
I-4896,0.00220462,1.0000,20.000,R-53342,g
P-42425,1.00000000,1.0000,30.000,R-53342,g
P-49663,0.00100000,1.0000,40.000,R-53342,g
P-53339,0.00100000,1.0000,160.000,R-53342,g
P-53341,0.00100000,1.0000,30.000,R-53342,ml
P-54697,1.00000000,1.0000,1.000,R-53342,each
P-26380,0.00100000,1.0000,10.000,R-55117,g
P-32739,0.00100000,1.0000,30.000,R-55117,ml
P-35736,1.00000000,1.0000,40.000,R-55117,g
P-55098,0.00100000,1.0000,250.000,R-55117,g
I-1152,1.00000000,1.0000,1.000,R-55133,CT
I-14179,0.00100000,1.0000,60.000,R-55133,g
I-2254,0.00100000,1.0000,60.000,R-55133,ml
I-4971,0.00100000,1.0000,40.000,R-55133,g
P-26062,0.00100000,1.0000,60.000,R-55133,g
P-55134,0.00100000,1.0000,85.000,R-55133,g
P-55548,0.00100000,1.0000,10.000,R-55133,g
P-33555,0.00100000,1.0000,60.000,R-55819,ml
P-45231,1.00000000,1.0000,150.000,R-55819,g
P-54697,1.00000000,1.0000,1.000,R-55819,each
P-60548,1.00000000,1.0000,180.000,R-55819,g
I-1152,1.00000000,1.0000,1.000,R-56509,CT
I-13254,0.00220462,1.0000,7.000,R-56509,g
I-3145,0.00094667,1.0000,40.000,R-56509,g
I-47399,0.00100000,1.0000,100.000,R-56509,g
P-18318,1.00000000,1.0000,10.000,R-56509,g
P-26055,1.00000000,1.0000,100.000,R-56509,g
P-26062,0.00100000,1.0000,60.000,R-56509,g
P-26393,0.00100000,1.0000,3.000,R-56509,g
I-2156,0.02834950,1.0000,6.000,R-56696,oz
I-2697,1.00000000,1.0000,20.000,R-56696,g
I-3388,0.00100000,1.0000,5.000,R-56696,ml
I-47399,0.00100000,1.0000,30.000,R-56696,g
P-18318,1.00000000,1.0000,4.000,R-56696,g
P-18907,1.00000000,1.0000,1.000,R-56696,g
P-26205,0.00100000,1.0000,60.000,R-56696,g
I-1152,1.00000000,1.0000,1.000,R-57098,CT
I-14179,0.00100000,1.0000,60.000,R-57098,g
I-2254,0.00100000,1.0000,60.000,R-57098,ml
P-26062,0.00100000,1.0000,60.000,R-57098,g
P-55548,0.00100000,1.0000,10.000,R-57098,g
P-57097,0.00100000,1.0000,100.000,R-57098,g
I-2979,1.00000000,1.0000,0.500,R-58351,g
P-20368,0.00100000,1.0000,45.000,R-58351,g
P-26019,1.00000000,1.0000,1.000,R-58351,g
P-26216,0.00100000,1.0000,180.000,R-58351,g
P-44901,0.00100000,1.0000,1.000,R-58351,g
P-50801,0.00100000,1.0000,15.000,R-58351,g
P-50966,0.00100000,1.0000,60.000,R-58351,g
P-58350,0.00100000,1.0000,300.000,R-58351,ml
P-58353,0.00100000,1.0000,5.000,R-58351,g
P-58355,0.00100000,1.0000,120.000,R-58351,g
I-1152,1.00000000,1.0000,1.000,R-60319,CT
I-14179,0.00100000,1.0000,60.000,R-60319,g
I-2254,0.00100000,1.0000,30.000,R-60319,ml
I-4488,0.00220462,1.0000,30.000,R-60319,g
P-26062,0.00100000,1.0000,30.000,R-60319,g
P-26205,0.00100000,1.0000,100.000,R-60319,g
P-55548,0.00100000,1.0000,10.000,R-60319,g
P-56398,0.00100000,1.0000,30.000,R-60319,g
P-56500,0.00100000,1.0000,400.000,R-60550,g
P-58738,1.00000000,1.0000,30.000,R-60550,g
I-3388,0.00100000,208.3333,250.000,P-26068,ml
I-3660,0.00100000,12.5000,15.000,P-26068,g
I-4750,2.20462000,1.9833,2.380,P-26068,Kg
I-8060,1.00000000,104.1667,125.000,P-26068,g
P-25993,1.00000000,12.5000,15.000,P-26068,g
I-3478,2.20462000,0.5000,2.000,P-26091,Kg
I-5983,1.00000000,0.7500,3.000,P-26091,L
I-11312,0.03527399,0.8889,2.000,P-26105,g
I-3223,1.00000000,0.8889,2.000,P-26105,L
I-3388,0.00100000,26.6667,60.000,P-26105,ml
I-3428,1.00000000,22.2222,50.000,P-26105,g
I-3660,0.00100000,8.8889,20.000,P-26105,g
I-45114,0.03381406,55.5556,125.000,P-26105,ml
I-4708,0.00220462,2.2222,5.000,P-26105,g
I-4894,0.00220462,24.8889,56.000,P-26105,g
P-26020,0.00100000,6.2222,14.000,P-26105,g
I-1820,0.00100000,124.9082,340.000,P-26134,ml
I-1821,1.00000000,36.7377,100.000,P-26134,ml
I-2850,1.00000000,36.7377,100.000,P-26134,g
I-3851,1.00000000,1.6532,4.500,P-26134,Kg
I-4657,0.00220462,11.0213,30.000,P-26134,g
I-4745,0.00220462,82.6598,225.000,P-26134,g
I-4787,0.00220462,55.1065,150.000,P-26134,g
I-5983,1.00000000,0.7348,2.000,P-26134,L
P-18907,1.00000000,11.0213,30.000,P-26134,g
I-16215,0.00100000,42.2500,169.000,P-30552,g
I-30504,1.00000000,5.5000,22.000,P-30552,g
I-3388,0.00100000,7.5000,30.000,P-30552,ml
I-3392,0.00100000,7.5000,30.000,P-30552,ml
I-3632,1.00000000,1.2500,5.000,P-30552,g
I-3639,1.00000000,1.2500,5.000,P-30552,g
I-3643,0.00100000,1.1250,4.500,P-30552,g
I-3660,0.00100000,150.0000,600.000,P-30552,g
I-47774,0.00100000,125.0000,500.000,P-30552,ml
P-26020,0.00100000,22.5000,90.000,P-30552,g
P-32673,1.00000000,0.4000,1.600,P-30552,L
I-16215,1.00000000,0.6000,3.000,P-31128,Kg
I-30504,1.00000000,25.0000,125.000,P-31128,g
I-3392,0.00100000,15.0000,75.000,P-31128,ml
I-3590,0.00100000,1.0000,5.000,P-31128,g
I-3660,0.00100000,100.0000,500.000,P-31128,g
I-47774,0.00100000,50.0000,250.000,P-31128,ml
P-26020,0.00100000,25.0000,125.000,P-31128,g
I-19665,1.00000000,1.2500,5.000,P-35894,Kg
I-3388,0.00100000,62.5000,250.000,P-35894,ml
I-3629,0.03527399,5.0000,20.000,P-35894,g
I-3630,0.03527399,7.5000,30.000,P-35894,g
I-4742,2.20462000,0.1133,0.453,P-35894,Kg
I-6026,1.00000000,7.5000,30.000,P-35894,g
I-6443,0.03381406,29.5735,118.294,P-35894,ml
P-48495,1.00000000,15.0000,60.000,P-35894,g
P-7444,0.00100000,50.0000,200.000,P-35894,ml
I-3223,1.00000000,0.2000,1.000,P-35895,L
I-3386,0.00100000,20.0000,100.000,P-35895,ml
I-3477,2.20462000,0.4000,2.000,P-35895,Kg
I-5983,1.00000000,0.8000,4.000,P-35895,L
I-6026,1.00000000,2.0000,10.000,P-35895,g
P-24750,0.00100000,15.0000,75.000,P-35895,g
P-7444,0.00100000,20.0000,100.000,P-35895,ml
P-9741,0.00100000,10.0000,50.000,P-35895,g
P-9746,2.20462000,0.1000,0.500,P-35895,Kg
I-11813,1000.00000000,0.4500,1.800,P-36599,Kg
I-16215,0.00100000,50.0000,200.000,P-36599,g
I-35336,2.20462000,0.4000,1.600,P-36599,Kg
I-3696,1.00000000,40.0000,160.000,P-36599,ml
I-45114,0.03381406,120.0000,480.000,P-36599,ml
I-5983,1.00000000,0.3250,1.300,P-36599,L
P-26020,0.00100000,62.5000,250.000,P-36599,g
I-11312,0.03527399,0.9091,20.000,P-38561,g
I-3223,1.00000000,0.9091,20.000,P-38561,L
I-3245,1.00000000,22.7273,500.000,P-38561,g
I-3388,0.00100000,27.2727,600.000,P-38561,ml
I-3435,0.00100000,12.7273,280.000,P-38561,ml
I-35336,0.00220462,18.1818,400.000,P-38561,g
I-45114,0.03381406,56.8182,1250.000,P-38561,ml
I-4708,0.00220462,2.2727,50.000,P-38561,g
I-4894,0.00220462,25.4545,560.000,P-38561,g
P-26020,0.00100000,6.3636,140.000,P-38561,g
I-58278,2.20462000,1.2500,1.000,P-40741,Kg
I-4745,2.20462000,0.1200,3.600,P-41547,Kg
I-4920,2.20462000,0.6000,18.000,P-41547,Kg
I-5983,1.00000000,0.1333,4.000,P-41547,L
I-6026,1.00000000,6.6667,200.000,P-41547,g
I-6443,0.03381406,5.0000,150.000,P-41547,ml
P-26020,0.00100000,15.0000,450.000,P-41547,g
P-26514,1.00000000,21.1667,635.000,P-41547,g
P-51535,1.00000000,30.0000,900.000,P-41547,g
P-55427,0.00100000,16.6667,500.000,P-41547,g
I-3621,1.00000000,2.5000,75.000,P-41548,g
I-3676,1.00000000,0.1000,3.000,P-41548,L
I-3697,1.00000000,0.0067,0.200,P-41548,L
I-4745,1.00000000,0.2000,6.000,P-41548,lb
I-5983,1.00000000,0.2333,7.000,P-41548,L
I-6026,1.00000000,0.1000,3.000,P-41548,g
P-26020,0.00100000,8.3333,250.000,P-41548,g
P-50587,1.00000000,0.4000,12.000,P-41548,Kg
P-51535,1.00000000,10.0000,300.000,P-41548,g
P-57143,0.00100000,3.3333,100.000,P-41548,g
P-59591,0.00100000,16.6667,500.000,P-41548,ml
I-3388,1.00000000,0.5714,4.000,P-41551,L
I-3660,0.00100000,100.0000,700.000,P-41551,g
I-37477,1.00000000,78.5714,550.000,P-41551,g
I-41491,1.00000000,114.2857,800.000,P-41551,g
I-41492,1.00000000,89.2857,625.000,P-41551,g
I-6026,1.00000000,28.5714,200.000,P-41551,g
I-6443,0.03246753,75.0000,525.000,P-41551,g
I-3632,1.00000000,0.4000,454.000,P-41572,g
I-5975,0.00100000,0.4000,454.000,P-41572,g
I-6026,1.00000000,0.1101,125.000,P-41572,g
I-3388,1.00000000,0.0625,0.500,P-41573,L
I-3476,1.00000000,0.5000,4.000,P-41573,Kg
I-5983,1.00000000,0.5000,4.000,P-41573,L
I-6443,0.03381406,11.2500,90.000,P-41573,ml
P-41572,1.00000000,50.0000,400.000,P-41573,g
I-3148,1.00000000,0.1500,4.500,P-41574,Kg
I-3630,0.03527399,10.0000,300.000,P-41574,g
I-5983,1.00000000,1.3333,40.000,P-41574,L
I-6026,1.00000000,10.0000,300.000,P-41574,g
I-6028,1.00000000,0.0083,0.250,P-41574,Kg
P-26020,0.00100000,23.3333,700.000,P-41574,g
P-38556,1.00000000,0.2333,7.000,P-41574,Kg
I-3348,1.00000000,0.8889,4.000,P-41751,L
I-6443,0.03381406,111.1111,500.000,P-41751,ml
P-41551,1.00000000,0.0889,0.400,P-41751,L
I-3458,1.00000000,0.9333,5.600,P-42355,L
I-3629,0.03527399,5.0000,30.000,P-42355,g
I-6026,1.00000000,0.8333,5.000,P-42355,g
I-6443,0.03381406,20.8333,125.000,P-42355,ml
I-4555,2.20462000,1.0000,1.000,P-42364,Kg
I-6026,1.00000000,3.5000,3.500,P-42364,g
I-6443,0.03381406,30.0000,30.000,P-42364,ml
P-26514,1.00000000,80.0000,80.000,P-42364,g
I-2254,1.00000000,1.0345,3.000,P-42412,L
I-3447,1.00000000,34.4828,100.000,P-42412,ml
I-6026,1.00000000,9.3103,27.000,P-42412,g
I-6443,0.03381406,10.3448,30.000,P-42412,ml
I-3386,1.00000000,4.4444,2.000,P-43346,L
I-4745,2.20462000,5.2222,2.350,P-43346,Kg
I-6026,1.00000000,22.2222,10.000,P-43346,g
I-3388,1.00000000,0.0004,0.250,P-43581,L
I-3624,0.00100000,0.0093,5.600,P-43581,g
I-3695,0.00100000,0.0500,30.000,P-43581,ml
I-4712,1.00000000,0.0025,1.500,P-43581,CT
I-6006,0.00100000,0.4167,250.000,P-43581,ml
I-6026,1.00000000,0.0200,12.000,P-43581,g
P-26020,0.00100000,0.0333,20.000,P-43581,g
P-26514,1.00000000,0.2500,150.000,P-43581,g
P-44728,1.00000000,0.1083,65.000,P-43581,g
P-51536,1.00000000,0.0500,30.000,P-43581,g
I-4894,2.20462000,0.0025,2.500,P-43583,Kg
I-51440,1.00000000,0.2500,250.000,P-43583,g
I-6026,1.00000000,0.0500,50.000,P-43583,g
I-2254,1.00000000,0.8000,2.000,P-43584,L
I-6026,1.00000000,16.0000,40.000,P-43584,g
I-6443,0.03381406,80.0000,200.000,P-43584,ml
I-9379,1.00000000,0.1500,0.375,P-43584,L
I-17159,1.00000000,0.4808,5.000,P-44335,lb
I-23336,1.00000000,0.5385,5.600,P-44335,L
I-3621,1.00000000,0.9615,10.000,P-44335,g
I-3630,0.03527399,2.4038,25.000,P-44335,g
I-4750,1.00000000,0.2404,2.500,P-44335,lb
I-4978,1.00000000,0.1923,2.000,P-44335,Kg
I-5014,1.00000000,0.1923,2.000,P-44335,Kg
I-6026,1.00000000,7.2115,75.000,P-44335,g
I-9382,0.00100000,5.7692,60.000,P-44335,ml
P-24750,0.00100000,11.5385,120.000,P-44335,g
P-51536,1.00000000,5.3846,56.000,P-44335,g
I-3856,1.00000000,1.1111,3.000,P-50372,Kg
P-50746,1.00000000,0.3704,1.000,P-50372,L
I-4745,1.00000000,1.0870,25.000,P-50552,lb
I-4703,1.00000000,2.2222,1.000,P-50563,lb
I-4572,2.20462000,1.0526,1.000,P-50565,Kg
I-3619,1.00000000,0.4000,8.000,P-50601,g
I-42230,1.00000000,1.5000,30.000,P-50601,g
I-4772,1.00000000,0.0500,1.000,P-50601,BUNCH
I-5983,1.00000000,1.0000,20.000,P-50601,L
I-6026,1.00000000,3.0000,60.000,P-50601,g
P-26020,0.00100000,5.0000,100.000,P-50601,g
P-50552,0.00220462,22.5000,450.000,P-50601,g
P-50563,0.00220462,20.0000,400.000,P-50601,g
P-50565,0.00100000,23.7500,475.000,P-50601,g
P-50619,0.00100000,23.7500,475.000,P-50601,g
I-10864,0.00100000,100.0000,100.000,P-50746,ml
I-3321,0.00100000,160.0000,160.000,P-50746,g
I-3511,0.00100000,160.0000,160.000,P-50746,ml
I-3696,1.00000000,60.0000,60.000,P-50746,ml
I-47774,0.00100000,250.0000,250.000,P-50746,ml
I-6026,1.00000000,25.0000,25.000,P-50746,g
I-6028,0.00100000,225.0000,225.000,P-50746,g
I-7631,0.00220462,20.0000,20.000,P-50746,g
P-26020,0.00100000,25.0000,25.000,P-50746,g
P-34880,0.00100000,25.0000,25.000,P-50746,g
I-3388,0.00100000,16.6667,20.000,P-50860,ml
I-3692,0.00100000,25.0000,30.000,P-50860,ml
P-18907,1.00000000,12.5000,15.000,P-50860,g
P-26020,0.00100000,25.0000,30.000,P-50860,g
P-43440,0.00100000,83.3333,100.000,P-50860,g
P-44429,1.00000000,0.8333,1.000,P-50860,Kg
P-50500,1.00000000,25.0000,30.000,P-50860,g
I-10869,1.00000000,1.2500,10.000,P-50985,Kg
I-3388,0.00100000,62.5000,500.000,P-50985,ml
I-3447,1.00000000,50.0000,400.000,P-50985,ml
I-3630,0.03527399,5.0000,40.000,P-50985,g
P-18907,1.00000000,2.5000,20.000,P-50985,g
I-19665,1.00000000,1.2500,10.000,P-51214,Kg
I-3388,1.00000000,0.0625,0.500,P-51214,L
I-3447,1.00000000,25.0000,200.000,P-51214,ml
I-3630,0.03527399,7.5000,60.000,P-51214,g
I-41492,1.00000000,7.5000,60.000,P-51214,g
P-18907,1.00000000,2.5000,20.000,P-51214,g
I-4787,2.20462000,0.0014,1.000,P-51535,Kg
I-4767,0.03527399,1.3969,454.000,P-51536,g
P-50601,1.00000000,1.0000,3.000,P-51540,L
P-56645,1.00000000,0.3333,1.000,P-51540,L
I-17593,0.00220462,275.0000,275.000,P-51825,g
I-50575,0.00100000,150.0000,150.000,P-51825,g
I-7388,0.00100000,150.0000,150.000,P-51825,g
P-34121,0.00100000,150.0000,150.000,P-51825,g
P-50372,0.00100000,275.0000,275.000,P-51825,g
P-24750,0.00100000,2.0000,2.000,P-51826,g
P-39057,1.00000000,2.0000,2.000,P-51826,g
P-51827,0.00100000,3.0000,3.000,P-51826,g
I-9685,2.20462000,1.2000,1.200,P-51827,Kg
I-3388,0.00100000,50.0000,350.000,P-52459,ml
I-3696,1.00000000,11.4286,80.000,P-52459,ml
I-47774,1.00000000,0.2857,2.000,P-52459,L
I-4796,0.00220462,1.4286,10.000,P-52459,g
I-5983,1.00000000,0.2857,2.000,P-52459,L
I-7949,0.00100000,114.2857,800.000,P-52459,ml
P-26020,0.00100000,35.7143,250.000,P-52459,g
P-34880,0.00100000,35.7143,250.000,P-52459,g
P-39057,1.00000000,100.0000,700.000,P-52459,g
I-4712,1.00000000,0.1250,1.000,P-52620,CT
I-4341,0.01259785,1.8000,90.000,P-52943,g
I-4787,2.20462000,1.1111,1.000,P-53616,Kg
I-14179,0.00100000,45.0000,720.000,P-54666,g
I-2141,0.00100000,10.0000,160.000,P-54666,g
I-41921,0.00100000,50.0000,800.000,P-54666,g
P-26216,1.00000000,0.1500,2.400,P-54666,Kg
P-34121,0.00100000,31.2500,500.000,P-54666,g
P-8196,1.00000000,0.1000,1.600,P-54666,L
I-4795,2.20462000,1.2500,1.250,P-55427,Kg
I-3387,0.00100000,12.5000,25.000,P-56422,ml
I-3630,0.03527399,7.5000,15.000,P-56422,g
I-4745,0.00220462,227.0000,454.000,P-56422,g
I-5975,0.00100000,5.0000,10.000,P-56422,g
I-6026,1.00000000,2.5000,5.000,P-56422,g
I-6443,0.03381406,25.0000,50.000,P-56422,ml
P-18746,0.00100000,227.0000,454.000,P-56422,g
P-57145,0.00100000,227.0000,454.000,P-56422,g
P-57146,0.00100000,227.0000,454.000,P-56422,g
I-3743,1.00000000,0.4444,1.000,P-56645,Kg
I-4797,2.20462000,1.2048,10.000,P-57145,Kg
I-4785,2.20462000,1.2048,10.000,P-57146,Kg
I-4731,1.00000000,1.0000,10.000,P-58359,lb
I-12176,0.00100000,2.0000,2.000,P-59591,g
I-3697,0.00100000,15.0000,15.000,P-59591,ml
I-37477,1.00000000,150.0000,150.000,P-59591,g
I-37478,1.00000000,75.0000,75.000,P-59591,g
I-43652,0.00100000,175.0000,175.000,P-59591,g
I-5983,1.00000000,2.0000,2.000,P-59591,L
I-2254,0.00100000,125.0000,250.000,P-7136,ml
I-3387,0.00100000,25.0000,50.000,P-7136,ml
I-3630,0.03527399,5.0000,10.000,P-7136,g
I-4341,1.00000000,1.0000,2.000,P-7136,CT
I-4973,1000.00000000,0.7500,1.500,P-7136,Kg
I-6443,0.03381406,59.0000,118.000,P-7136,ml
P-53616,0.00100000,60.0000,120.000,P-7136,g
I-2141,1.00000000,0.1053,2.000,P-8196,Kg
I-2220,1.00000000,0.7895,15.000,P-8196,L
I-3638,1.00000000,0.2632,5.000,P-8196,g
I-3642,1.00000000,0.2632,5.000,P-8196,g
I-3646,1.00000000,0.7895,15.000,P-8196,g
I-6026,1.00000000,7.8947,150.000,P-8196,g
I-6820,0.00100000,39.4737,750.000,P-8196,g
P-26020,0.00100000,26.3158,500.000,P-8196,g
P-39167,1.00000000,0.1053,2.000,P-8196,Kg
I-4598,1.00000000,0.7273,36.000,P-9722,CT
I-17150,1.00000000,1.0965,50.000,P-9745,lb
P-9745,1.00000000,1.0000,1.000,P-9746,lb
I-2567,0.00100000,1.0000,30.000,R-28301,g
I-3388,0.00100000,1.0000,5.000,R-28301,ml
I-41921,0.00100000,1.0000,30.000,R-28301,g
I-4496,0.00220462,1.0000,30.000,R-28301,g
I-4509,0.00220462,1.0000,15.000,R-28301,g
I-4975,0.00100000,1.0000,30.000,R-28301,g
I-56920,0.00100000,1.0000,60.000,R-28301,g
P-18318,1.00000000,1.0000,2.000,R-28301,g
P-24750,0.00100000,1.0000,2.000,R-28301,g
P-26086,0.00100000,1.0000,15.000,R-28301,ml
P-26090,0.00100000,1.0000,30.000,R-28301,g
P-26091,0.00100000,1.0000,60.000,R-28301,g
P-28258,0.00100000,1.0000,100.000,R-28301,g
P-30552,0.00100000,1.0000,15.000,R-28301,ml
P-31128,0.00100000,1.0000,15.000,R-28301,ml
P-34116,0.00100000,1.0000,30.000,R-28301,g
P-34123,0.00100000,1.0000,30.000,R-28301,g
P-34298,0.00100000,1.0000,30.000,R-28301,g
P-36599,0.00100000,1.0000,15.000,R-28301,ml
P-38561,0.00100000,1.0000,15.000,R-28301,ml
P-50840,0.00220462,1.0000,15.000,R-28301,g
P-52459,0.00100000,1.0000,15.000,R-28301,ml
P-58359,0.00220462,1.0000,30.000,R-28301,g
P-9722,0.00220462,1.0000,30.000,R-28301,g
P-26062,0.00100000,1.0000,50.000,R-35896,g
P-35894,0.00100000,1.0000,90.000,R-35896,g
P-35895,0.00100000,1.0000,120.000,R-35896,g
P-44585,1.00000000,1.0000,10.000,R-35896,g
P-44633,0.00100000,1.0000,30.000,R-35896,g
P-7136,0.00100000,1.0000,30.000,R-35896,ml
P-7635,0.00100000,1.0000,90.000,R-35896,g
I-2567,0.00100000,1.0000,15.000,R-37170,g
I-3388,0.00100000,1.0000,5.000,R-37170,ml
I-37002,1.00000000,1.0000,85.000,R-37170,g
I-41921,0.00100000,1.0000,30.000,R-37170,g
I-4341,0.01259785,1.0000,2.000,R-37170,g
I-4496,0.00220462,1.0000,30.000,R-37170,g
I-4509,0.00220462,1.0000,15.000,R-37170,g
I-4975,0.00100000,1.0000,30.000,R-37170,g
I-56920,0.00100000,1.0000,60.000,R-37170,g
P-26086,0.00100000,1.0000,15.000,R-37170,ml
P-26090,0.00100000,1.0000,30.000,R-37170,g
P-26091,0.00100000,1.0000,60.000,R-37170,g
P-28258,0.00100000,1.0000,100.000,R-37170,g
P-30552,0.00100000,1.0000,15.000,R-37170,ml
P-31128,0.00100000,1.0000,15.000,R-37170,ml
P-34116,0.00100000,1.0000,30.000,R-37170,g
P-34123,0.00100000,1.0000,30.000,R-37170,g
P-34298,0.00100000,1.0000,30.000,R-37170,g
P-36599,0.00100000,1.0000,15.000,R-37170,ml
P-38561,0.00100000,1.0000,15.000,R-37170,ml
P-39057,1.00000000,1.0000,2.000,R-37170,g
P-50840,0.00220462,1.0000,15.000,R-37170,g
P-52459,0.00100000,1.0000,15.000,R-37170,ml
P-58359,0.00220462,1.0000,30.000,R-37170,g
P-9722,0.00220462,1.0000,15.000,R-37170,g
I-2567,0.00100000,1.0000,30.000,R-37171,g
I-3388,0.00100000,1.0000,5.000,R-37171,ml
I-41921,0.00100000,1.0000,30.000,R-37171,g
I-4341,0.01259785,1.0000,2.000,R-37171,g
I-4496,0.00220462,1.0000,30.000,R-37171,g
I-4509,0.00220462,1.0000,15.000,R-37171,g
I-4975,0.00100000,1.0000,30.000,R-37171,g
I-56920,0.00100000,1.0000,60.000,R-37171,g
P-26086,0.00100000,1.0000,15.000,R-37171,ml
P-26090,0.00100000,1.0000,30.000,R-37171,g
P-26091,0.00100000,1.0000,60.000,R-37171,g
P-28258,0.00100000,1.0000,100.000,R-37171,g
P-30552,0.00100000,1.0000,15.000,R-37171,ml
P-31128,0.00100000,1.0000,15.000,R-37171,ml
P-34116,0.00100000,1.0000,30.000,R-37171,g
P-34121,0.00100000,1.0000,85.000,R-37171,g
P-34123,0.00100000,1.0000,5.000,R-37171,g
P-34298,0.00100000,1.0000,30.000,R-37171,g
P-36599,0.00100000,1.0000,15.000,R-37171,ml
P-38561,0.00100000,1.0000,15.000,R-37171,ml
P-39057,1.00000000,1.0000,2.000,R-37171,g
P-50840,0.00220462,1.0000,15.000,R-37171,g
P-52459,0.00100000,1.0000,15.000,R-37171,ml
P-58359,0.00220462,1.0000,30.000,R-37171,g
P-9722,0.00220462,1.0000,30.000,R-37171,g
I-2567,0.00100000,1.0000,15.000,R-37172,g
I-3388,0.00100000,1.0000,5.000,R-37172,ml
I-41921,0.00100000,1.0000,30.000,R-37172,g
I-4341,0.01259785,1.0000,2.000,R-37172,g
I-4496,0.00220462,1.0000,30.000,R-37172,g
I-4509,0.00220462,1.0000,15.000,R-37172,g
I-4975,0.00100000,1.0000,30.000,R-37172,g
I-56920,0.00100000,1.0000,60.000,R-37172,g
P-26086,0.00100000,1.0000,15.000,R-37172,ml
P-26090,0.00100000,1.0000,30.000,R-37172,g
P-26091,0.00100000,1.0000,60.000,R-37172,g
P-26105,0.00100000,1.0000,15.000,R-37172,ml
P-28258,0.00100000,1.0000,100.000,R-37172,g
P-30552,0.00100000,1.0000,15.000,R-37172,ml
P-31128,0.00100000,1.0000,15.000,R-37172,ml
P-34116,0.00100000,1.0000,30.000,R-37172,g
P-34123,0.00100000,1.0000,30.000,R-37172,g
P-34298,0.00100000,1.0000,30.000,R-37172,g
P-36599,0.00100000,1.0000,15.000,R-37172,ml
P-39057,1.00000000,1.0000,2.000,R-37172,g
P-40741,0.00100000,1.0000,85.000,R-37172,g
P-50840,0.00220462,1.0000,15.000,R-37172,g
P-58359,0.00220462,1.0000,30.000,R-37172,g
P-9722,0.00220462,1.0000,15.000,R-37172,g
I-2567,0.00100000,1.0000,15.000,R-37173,g
I-3388,0.00100000,1.0000,5.000,R-37173,ml
I-41921,0.00100000,1.0000,30.000,R-37173,g
I-4341,0.01259785,1.0000,2.000,R-37173,g
I-4496,0.00220462,1.0000,30.000,R-37173,g
I-4509,0.00220462,1.0000,15.000,R-37173,g
I-4975,0.00100000,1.0000,30.000,R-37173,g
I-56920,0.00100000,1.0000,60.000,R-37173,g
I-7388,0.00100000,1.0000,85.000,R-37173,g
P-26086,0.00100000,1.0000,15.000,R-37173,ml
P-26090,0.00100000,1.0000,30.000,R-37173,g
P-26091,0.00100000,1.0000,60.000,R-37173,g
P-28258,0.00100000,1.0000,100.000,R-37173,g
P-30552,0.00100000,1.0000,15.000,R-37173,ml
P-31128,0.00100000,1.0000,15.000,R-37173,ml
P-34116,0.00100000,1.0000,30.000,R-37173,g
P-34123,0.00100000,1.0000,30.000,R-37173,g
P-34298,0.00100000,1.0000,30.000,R-37173,g
P-36599,0.00100000,1.0000,15.000,R-37173,ml
P-38561,0.00100000,1.0000,15.000,R-37173,ml
P-39057,1.00000000,1.0000,2.000,R-37173,g
P-50840,0.00220462,1.0000,15.000,R-37173,g
P-52459,0.00100000,1.0000,15.000,R-37173,ml
P-58359,0.00220462,1.0000,30.000,R-37173,g
P-9722,0.00220462,1.0000,15.000,R-37173,g
I-1152,1.00000000,1.0000,1.000,R-43580,CT
I-14179,0.00100000,1.0000,40.000,R-43580,g
P-26062,0.00100000,1.0000,90.000,R-43580,g
P-41573,0.00100000,1.0000,120.000,R-43580,g
P-41574,0.00100000,1.0000,90.000,R-43580,g
P-42364,0.00100000,1.0000,45.000,R-43580,g
P-42412,0.00100000,1.0000,45.000,R-43580,ml
P-43581,1.00000000,1.0000,30.000,R-43580,ml
P-50985,0.00100000,1.0000,90.000,R-43580,g
I-1152,1.00000000,1.0000,1.000,R-43587,CT
P-26062,0.00100000,1.0000,90.000,R-43587,g
P-41548,0.00100000,1.0000,30.000,R-43587,ml
P-41573,0.00100000,1.0000,120.000,R-43587,g
P-41574,0.00100000,1.0000,120.000,R-43587,ml
P-41751,0.00100000,1.0000,45.000,R-43587,ml
P-42364,0.00100000,1.0000,50.000,R-43587,g
P-51214,0.00100000,1.0000,90.000,R-43587,g
P-55427,0.00100000,1.0000,5.000,R-43587,g
I-1152,1.00000000,1.0000,1.000,R-44303,CT
P-26134,0.00100000,1.0000,100.000,R-44303,g
P-26136,0.00100000,1.0000,15.000,R-44303,g
P-41548,0.00100000,1.0000,30.000,R-44303,ml
P-41573,0.00100000,1.0000,120.000,R-44303,g
P-41574,0.00100000,1.0000,120.000,R-44303,ml
P-42355,0.00100000,1.0000,20.000,R-44303,ml
P-42364,0.00100000,1.0000,40.000,R-44303,g
P-43583,1.00000000,1.0000,20.000,R-44303,g
P-43584,0.00100000,1.0000,20.000,R-44303,ml
P-26134,0.00100000,1.0000,100.000,R-44308,g
P-26136,0.00100000,1.0000,15.000,R-44308,g
P-41548,0.00100000,1.0000,30.000,R-44308,ml
P-41573,0.00100000,1.0000,120.000,R-44308,g
P-41574,0.00100000,1.0000,120.000,R-44308,ml
P-42355,0.00100000,1.0000,20.000,R-44308,ml
P-42364,0.00100000,1.0000,40.000,R-44308,g
P-43583,1.00000000,1.0000,20.000,R-44308,g
P-43584,0.00100000,1.0000,20.000,R-44308,ml
I-14179,0.00100000,1.0000,40.000,R-44310,g
P-26062,0.00100000,1.0000,90.000,R-44310,g
P-41573,0.00100000,1.0000,120.000,R-44310,g
P-41574,0.00100000,1.0000,90.000,R-44310,g
P-42364,0.00100000,1.0000,45.000,R-44310,g
P-42412,0.00100000,1.0000,45.000,R-44310,ml
P-43581,1.00000000,1.0000,30.000,R-44310,ml
P-50985,0.00100000,1.0000,90.000,R-44310,g
P-26062,0.00100000,1.0000,90.000,R-44315,g
P-41548,0.00100000,1.0000,30.000,R-44315,ml
P-41573,0.00100000,1.0000,120.000,R-44315,g
P-41574,0.00100000,1.0000,120.000,R-44315,ml
P-41751,0.00100000,1.0000,45.000,R-44315,ml
P-42364,0.00100000,1.0000,50.000,R-44315,g
P-51214,0.00100000,1.0000,90.000,R-44315,g
P-55427,0.00100000,1.0000,5.000,R-44315,g
I-1152,1.00000000,1.0000,1.000,R-44316,CT
I-2122,0.00100000,1.0000,20.000,R-44316,g
I-4463,0.00220462,1.0000,10.000,R-44316,g
P-41547,0.00100000,1.0000,20.000,R-44316,ml
P-41573,0.00100000,1.0000,120.000,R-44316,g
P-43346,0.00100000,1.0000,10.000,R-44316,g
P-44335,0.00100000,1.0000,120.000,R-44316,g
P-56398,0.00100000,1.0000,75.000,R-44316,g
I-1120,1.00000000,1.0000,1.000,R-50494,CT
I-13254,0.00220462,1.0000,30.000,R-50494,g
I-14179,0.00100000,1.0000,30.000,R-50494,g
I-17203,0.00100000,1.0000,5.000,R-50494,ml
I-2311,0.00100000,1.0000,35.000,R-50494,g
I-2697,1.00000000,1.0000,15.000,R-50494,g
P-26068,0.00100000,1.0000,10.000,R-50494,g
P-50689,1.00000000,1.0000,50.000,R-50494,g
I-1120,1.00000000,1.0000,1.000,R-50859,CT
I-14179,0.00100000,1.0000,30.000,R-50859,g
I-17203,0.00100000,1.0000,15.000,R-50859,ml
I-2697,1.00000000,1.0000,20.000,R-50859,g
I-4463,0.00220462,1.0000,10.000,R-50859,g
P-50860,0.00100000,1.0000,100.000,R-50859,g
I-3388,0.00100000,1.0000,30.000,R-51828,ml
I-4597,0.00220462,1.0000,80.000,R-51828,g
I-5006,0.00100000,1.0000,60.000,R-51828,g
P-18907,1.00000000,1.0000,2.000,R-51828,g
P-26020,0.00100000,1.0000,20.000,R-51828,g
P-26055,1.00000000,1.0000,70.000,R-51828,g
P-26090,0.00100000,1.0000,220.000,R-51828,g
P-38556,0.00100000,1.0000,30.000,R-51828,g
P-51825,0.00100000,1.0000,100.000,R-51828,g
P-51826,1.00000000,1.0000,1.000,R-51828,PTN
P-52459,0.00100000,1.0000,50.000,R-51828,ml
P-9765,0.00100000,1.0000,60.000,R-51828,g
P-54666,1.00000000,1.0000,1.000,R-56505,each
P-26062,0.00100000,1.0000,20.000,R-57179,g
P-41573,0.00100000,1.0000,200.000,R-57179,g
P-51214,0.00100000,1.0000,90.000,R-57179,g
P-51540,0.00100000,1.0000,60.000,R-57179,g
P-52620,1.00000000,1.0000,1.000,R-57179,piece
P-52943,1.00000000,1.0000,5.000,R-57179,g
P-55548,0.00100000,1.0000,20.000,R-57179,g
P-56422,0.00100000,1.0000,200.000,R-57179,g
R-36568,1.00000000,1.0000,1.000,R-61129,ea
P-45879,1.00000000,1.8750,7.500,P-10873,Kg
I-11842,1.00000000,0.8818,2.000,P-13648,LOAF
I-3388,0.00100000,55.1146,125.000,P-13648,ml
I-3642,1.00000000,2.2046,5.000,P-13648,g
I-6026,1.00000000,2.2046,5.000,P-13648,g
I-2897,0.00100000,33.3333,300.000,P-26054,g
I-3348,1.00000000,0.8889,8.000,P-26054,L
I-3572,0.00100000,22.2222,200.000,P-26054,ml
I-3695,0.00100000,22.2222,200.000,P-26054,ml
I-5983,1.00000000,0.1111,1.000,P-26054,L
P-25993,1.00000000,6.6667,60.000,P-26054,g
P-26020,0.00100000,22.2222,200.000,P-26054,g
I-1813,0.03381406,0.0545,30.000,P-26231,ml
I-3623,1.00000000,0.0018,1.000,P-26231,g
I-4847,0.00220462,0.0091,5.000,P-26231,g
I-4919,0.00220462,0.0091,5.000,P-26231,g
I-8060,1.00000000,0.8255,454.000,P-26231,g
P-18907,1.00000000,0.0036,2.000,P-26231,g
P-48489,0.00100000,0.1455,80.000,P-26231,g
I-5983,1.00000000,0.9412,4.000,P-26628,L
I-9830,1.00000000,106.5882,453.000,P-26628,g
I-3589,0.00220462,0.5004,454.000,P-26682,g
I-3591,1.00000000,0.5004,454.000,P-26682,g
I-1813,0.03381406,27.7778,125.000,P-28222,ml
I-3321,0.00100000,111.1111,500.000,P-28222,g
I-3621,1.00000000,0.4444,2.000,P-28222,g
I-3632,1.00000000,1.1111,5.000,P-28222,g
I-3639,1.00000000,2.2222,10.000,P-28222,g
I-6443,0.03381406,16.6667,75.000,P-28222,ml
I-6850,1000.00000000,0.8889,4.000,P-28222,Kg
P-18907,1.00000000,11.1111,50.000,P-28222,g
I-14773,0.00100000,200.0000,800.000,P-34892,g
I-5983,1.00000000,0.7500,3.000,P-34892,L
I-8060,1000.00000000,0.3400,1.360,P-34892,Kg
I-3321,0.00142019,40.0000,100.000,P-35233,ml
I-3370,1.00000000,10.0000,25.000,P-35233,ml
I-3388,1.00000000,0.6000,1.500,P-35233,L
I-3696,1.00000000,200.0000,500.000,P-35233,ml
I-4750,0.00220462,40.0000,100.000,P-35233,g
I-47774,0.00100000,24.0000,60.000,P-35233,ml
I-6028,0.00100000,12.0000,30.000,P-35233,g
I-9379,0.00100000,12.0000,30.000,P-35233,ml
P-18907,1.00000000,2.0000,5.000,P-35233,g
P-26682,1.00000000,32.0000,80.000,P-35233,g
P-34880,0.00100000,40.0000,100.000,P-35233,g
P-7444,0.00100000,40.0000,100.000,P-35233,ml
I-9379,0.00100000,90.9091,400.000,P-35750,ml
P-26054,1.00000000,0.9091,4.000,P-35750,L
I-2158,1.00000000,1.0000,1.000,P-44587,CT
I-3386,0.00100000,15.0000,15.000,P-44587,ml
P-18907,1.00000000,0.2500,0.250,P-44587,g
I-17667,1.00000000,1.4286,5.000,P-44592,Kg
I-3965,1.00000000,0.0571,4.000,P-45255,Kg
I-51440,1.00000000,8.0000,560.000,P-45255,g
I-19665,1.00000000,0.6667,5.000,P-45879,Kg
I-3392,0.00100000,33.3333,250.000,P-45879,ml
I-3433,1.00000000,66.6667,500.000,P-45879,ml
I-47774,0.00100000,66.6667,500.000,P-45879,ml
I-6028,0.00100000,53.3333,400.000,P-45879,g
I-6443,0.03381406,24.0000,180.000,P-45879,ml
I-6820,0.00100000,16.6667,125.000,P-45879,g
P-26020,0.00100000,40.0000,300.000,P-45879,g
P-34880,0.00100000,40.0000,300.000,P-45879,g
I-27410,1.00000000,2.8571,5.000,P-46076,Kg
I-3321,0.00142019,59.5238,125.000,P-46501,ml
I-3352,1.00000000,0.9524,2.000,P-46501,L
I-3368,1.00000000,30.9524,65.000,P-46501,ml
I-3387,0.00100000,5.8824,100.000,P-46545,ml
I-3577,1.00000000,2.9412,50.000,P-46545,g
I-3983,1.00000000,1.1765,20.000,P-46545,Kg
I-2122,1.00000000,1.0345,3.000,P-46546,Kg
I-2609,2.20462000,0.0013,1.000,P-46833,Kg
I-6026,1.00000000,0.0013,1.000,P-46833,g
I-3387,1.00000000,1.5000,1.500,P-48489,L
I-4657,2.20462000,1.1500,1.150,P-48489,Kg
I-13004,1.00000000,0.0556,1.000,P-50809,CT
I-11808,2.20462000,0.2000,2.500,P-53003,Kg
I-13226,2.20462000,0.8000,10.000,P-53003,Kg
I-3370,0.95015160,125.0000,250.000,P-56459,g
I-3388,0.00100000,375.0000,750.000,P-56459,ml
I-3660,0.00100000,125.0000,250.000,P-56459,g
I-9382,0.00100000,375.0000,750.000,P-56459,ml
P-18907,1.00000000,10.0000,20.000,P-56459,g
I-6777,1.00000000,0.0016,1.000,P-57092,CT
I-1197,1.00000000,1.0000,1.000,R-28232,CT
I-13303,1.00000000,1.0000,1.000,R-28232,ea
I-14181,1.00000000,1.0000,1.000,R-28232,slice
P-46501,0.00100000,1.0000,30.000,R-28232,ml
P-46862,0.00100000,1.0000,30.000,R-28232,g
P-52753,1.00000000,1.0000,1.000,R-28232,ea
I-1197,1.00000000,1.0000,1.000,R-28235,CT
I-14181,1.00000000,1.0000,1.000,R-28235,slice
I-2306,1.00000000,1.0000,2.000,R-28235,slice
P-46501,0.00100000,1.0000,30.000,R-28235,ml
P-46862,0.00100000,1.0000,20.000,R-28235,g
P-52753,1.00000000,1.0000,1.000,R-28235,ea
I-14181,1.00000000,1.0000,1.000,R-28281,slice
I-27410,0.00100000,1.0000,10.000,R-28281,g
I-3348,0.00100000,1.0000,40.000,R-28281,ml
I-52016,1.00000000,1.0000,1.000,R-28281,ea
P-18907,1.00000000,1.0000,0.500,R-28281,g
P-26057,1.00000000,1.0000,1.000,R-28281,ea
P-26069,1.00000000,1.0000,10.000,R-28281,g
P-26055,1.00000000,1.0000,125.000,R-28286,g
I-3371,0.00100000,1.0000,10.000,R-28293,ml
I-3557,0.00100000,1.0000,10.000,R-28293,ml
I-3560,0.00100000,1.0000,10.000,R-28293,ml
I-54207,0.00100000,1.0000,10.000,R-28293,ml
P-45255,1.00000000,1.0000,4.500,R-28293,piece
P-35132,1.00000000,1.0000,1.000,R-30954,ea
P-18907,1.00000000,1.0000,1.000,R-35014,g
P-46833,1.00000000,1.0000,170.000,R-35014,g
P-45231,1.00000000,1.0000,230.000,R-35015,g
I-10611,0.00220462,1.0000,30.000,R-35749,g
P-10873,0.00100000,1.0000,120.000,R-35749,g
P-26682,1.00000000,1.0000,15.000,R-35749,g
P-35233,0.00100000,1.0000,45.000,R-35749,ml
P-57092,1.00000000,1.0000,75.000,R-35749,g
P-9712,0.00220462,1.0000,45.000,R-35749,g
P-9714,0.00220462,1.0000,45.000,R-35749,g
I-2141,0.00100000,1.0000,30.000,R-35751,g
P-13648,0.00100000,1.0000,30.000,R-35751,g
P-20239,0.00100000,1.0000,70.000,R-35751,g
P-35750,0.00100000,1.0000,35.000,R-35751,ml
P-57092,1.00000000,1.0000,70.000,R-35751,g
P-18907,1.00000000,1.0000,0.500,R-35772,g
P-51568,0.00100000,1.0000,250.000,R-35772,g
I-1152,1.00000000,1.0000,1.000,R-44024,CT
P-18907,1.00000000,1.0000,0.500,R-44024,g
P-26055,1.00000000,1.0000,90.000,R-44024,g
P-26069,1.00000000,1.0000,20.000,R-44024,g
P-34892,0.00100000,1.0000,15.000,R-44024,ml
P-44592,0.00100000,1.0000,65.000,R-44024,g
I-20206,0.00100000,1.0000,30.000,R-46547,g
P-28222,0.00100000,1.0000,35.000,R-46547,ml
P-43962,0.00100000,1.0000,40.000,R-46547,g
P-44633,0.00100000,1.0000,40.000,R-46547,g
P-46545,0.00100000,1.0000,75.000,R-46547,g
P-46546,0.00100000,1.0000,20.000,R-46547,g
P-53003,0.00100000,1.0000,40.000,R-46547,g
P-9765,0.00100000,1.0000,25.000,R-46547,g
I-2586,1.00000000,1.0000,2.000,R-50569,CT
I-2899,1.00000000,1.0000,25.000,R-50569,g
P-32739,0.00100000,1.0000,15.000,R-50569,ml
P-50636,1.00000000,1.0000,58.000,R-50569,g
I-13226,0.00220462,1.0000,42.000,R-50894,g
I-17159,0.00220462,1.0000,20.000,R-50894,g
I-3667,0.00100000,1.0000,10.000,R-50894,g
I-4574,0.00220462,1.0000,15.000,R-50894,g
I-4832,0.00220462,1.0000,22.000,R-50894,g
I-9831,0.00200000,1.0000,5.000,R-50894,g
P-43962,0.00100000,1.0000,23.000,R-50894,g
P-56459,0.00100000,1.0000,20.000,R-50894,ml
I-2141,0.00100000,1.0000,15.000,R-53848,g
P-13648,0.00100000,1.0000,25.000,R-53848,g
P-20239,0.00100000,1.0000,40.000,R-53848,g
P-35750,0.00100000,1.0000,25.000,R-53848,ml
P-57092,1.00000000,1.0000,50.000,R-53848,g
I-51962,1.00000000,1.0000,80.000,R-54875,g
P-26628,0.00100000,1.0000,90.000,R-54875,ml
P-45231,1.00000000,1.0000,230.000,R-54875,g
I-1197,1.00000000,1.0000,1.000,R-55155,CT
P-34892,0.00100000,1.0000,10.000,R-55155,ml
P-44587,1.00000000,1.0000,1.000,R-55155,ea
P-44913,0.00100000,1.0000,30.000,R-55155,g
P-46076,0.00100000,1.0000,20.000,R-55155,g
I-14181,1.00000000,1.0000,2.000,R-57405,slice
I-17617,1.00000000,1.0000,2.000,R-57405,slice
P-26231,1.00000000,1.0000,45.000,R-57405,g
P-50809,1.00000000,1.0000,2.000,R-57405,slice
R-35751,1.00000000,1.0000,1.000,R-57819,ea
I-4598,1.00000000,0.0013,1.000,P-12954,CT
I-3388,0.02840000,0.5714,4.000,P-14675,fl oz
I-7064,0.45359200,1.4286,10.000,P-14675,lb
P-18907,1.00000000,7.1429,50.000,P-14675,g
I-10882,0.00100000,62.5000,250.000,P-26073,ml
I-3321,0.00142019,31.2500,125.000,P-26073,ml
I-3348,1.00000000,0.8750,3.500,P-26073,L
I-6443,0.92043824,1.0000,4.000,P-26073,oz
P-18907,1.00000000,3.7500,15.000,P-26073,g
I-1813,0.03381406,55.1146,125.000,P-26077,ml
I-8060,453.59200000,1.7637,4.000,P-26077,lb
P-18907,1.00000000,19.8413,45.000,P-26077,g
P-26020,0.00100000,147.7072,335.000,P-26077,g
P-29007,1.00000000,26.4550,60.000,P-26077,g
I-2317,1.00000000,1.1250,4.500,P-26112,Kg
I-3388,0.00100000,31.2500,125.000,P-26112,ml
P-29315,1.00000000,0.5298,80.000,P-26169,L
P-34085,1.00000000,0.5828,88.000,P-26169,Kg
I-1028,1.00000000,0.5000,0.500,P-26170,CT
P-26077,0.00100000,5.0000,5.000,P-26170,g
I-11842,1.00000000,0.0625,1.000,P-26234,LOAF
I-2141,0.00100000,7.5000,120.000,P-26234,g
I-3632,1.00000000,1.2500,20.000,P-26234,g
P-26231,1.00000000,11.2500,180.000,P-26234,g
I-3083,2.20462000,0.6879,10.000,P-26883,Kg
I-1035,1.00000000,0.2000,0.200,P-28369,CT
I-1143,1.00000000,0.2000,0.200,P-28369,CT
I-1152,1.00000000,0.2000,0.200,P-28369,CT
I-17686,1.00000000,0.1000,0.100,P-28369,ea
I-55414,1.00000000,0.5000,0.500,P-28369,each
P-38282,1.00000000,60.0000,60.000,P-28369,g
I-2697,1.00000000,0.1250,5.000,P-28371,g
P-26073,0.00100000,0.1750,7.000,P-28371,ml
P-26333,0.00100000,0.1750,7.000,P-28371,ml
P-28994,0.00100000,0.1250,5.000,P-28371,g
P-28995,0.00100000,0.1750,7.000,P-28371,ml
P-35271,0.00100000,0.2500,10.000,P-28371,g
P-56398,0.00100000,0.1250,5.000,P-28371,g
P-33869,0.00100000,30.0000,30.000,P-28373,g
P-35258,0.00100000,10.0000,10.000,P-28373,g
P-42425,1.00000000,25.0000,25.000,P-28373,g
P-42730,1.00000000,20.0000,20.000,P-28373,g
P-44475,1.00000000,10.0000,10.000,P-28373,g
P-44652,0.00100000,25.0000,25.000,P-28373,g
P-46862,0.00100000,40.0000,40.000,P-28373,g
P-50840,0.00220462,25.0000,25.000,P-28373,g
P-14675,2.20462000,1.0000,1.000,P-28757,Kg
P-58362,1.00000000,1.0000,1.000,P-28759,Kg
I-1813,1.00000000,1.0000,4.000,P-28995,fl oz
I-4626,1.00000000,0.7500,3.000,P-28995,CT
I-6850,1000.00000000,1.0000,4.000,P-28995,Kg
P-18907,1.00000000,2.5000,10.000,P-28995,g
P-26020,0.02834950,0.5000,2.000,P-28995,oz
I-2911,0.00100000,0.2500,30.000,P-29007,g
I-3318,1.00000000,0.2500,30.000,P-29007,g
I-3635,1.00000000,0.2500,30.000,P-29007,g
I-3636,1.00000000,0.2500,30.000,P-29007,g
I-2251,0.00100000,81.2500,325.000,P-29020,ml
I-4535,0.00100000,100.0000,400.000,P-29020,g
I-4830,0.00100000,93.7500,375.000,P-29020,g
I-6850,1.00000000,100.0000,400.000,P-29020,g
P-35736,1.00000000,37.5000,150.000,P-29020,g
I-11216,0.00100000,1.8182,20.000,P-29315,g
I-19737,1.00000000,0.2582,2.840,P-29315,L
I-2217,1.00000000,0.1818,2.000,P-29315,L
I-2251,1.00000000,0.0909,1.000,P-29315,L
I-3321,0.00142019,7.2727,80.000,P-29315,ml
I-3388,0.00100000,4.5455,50.000,P-29315,ml
I-3621,1.00000000,0.9091,10.000,P-29315,g
I-3679,1.00000000,0.5164,5.680,P-29315,L
P-18907,1.00000000,6.8182,75.000,P-29315,g
P-26020,0.00100000,8.1818,90.000,P-29315,g
P-34880,0.00100000,8.1818,90.000,P-29315,g
I-1813,35.21126761,0.0882,2.000,P-32659,L
I-2911,0.00100000,0.3086,7.000,P-32659,g
I-3388,1.00000000,0.0882,2.000,P-32659,L
I-4819,1.00000000,2.2046,50.000,P-32659,lb
P-18907,1.00000000,2.2046,50.000,P-32659,g
P-26020,0.45359200,0.0441,1.000,P-32659,lb
I-3141,1.00000000,30.4180,946.000,P-32661,ml
I-5983,1.00000000,0.9968,31.000,P-32661,L
I-3448,1.00000000,2.4390,4.000,P-33869,L
I-11207,1.00000000,10.3226,640.000,P-34085,g
I-11216,0.00100000,1.2903,80.000,P-34085,g
I-11217,0.00100000,7.7419,480.000,P-34085,ml
I-1813,0.03381406,2.5806,160.000,P-34085,ml
I-3621,1.00000000,2.0645,128.000,P-34085,g
I-3630,0.03527399,5.1613,320.000,P-34085,g
I-4016,1.00000000,1.2903,80.000,P-34085,Kg
I-6850,1000.00000000,0.1290,8.000,P-34085,Kg
P-18907,1.00000000,10.3226,640.000,P-34085,g
P-26020,0.00100000,12.9032,800.000,P-34085,g
P-34880,0.00100000,12.9032,800.000,P-34085,g
I-4745,2.20462000,1.0490,11.550,P-34243,Kg
I-4508,1.00000000,0.1000,1.000,P-34534,lb
I-1813,0.03381406,62.5000,250.000,P-35271,ml
I-3348,0.94667000,0.8750,3.500,P-35271,Kg
P-18907,1.00000000,0.5000,2.000,P-35271,g
P-48489,0.00100000,125.0000,500.000,P-35271,g
P-57146,1.00000000,1.0000,1.000,P-35773,Kg
I-11207,1.00000000,4.5455,50.000,P-35823,g
I-11211,1.00000000,1.3636,15.000,P-35823,g
I-11216,0.00100000,2.7273,30.000,P-35823,g
I-3435,0.00100000,13.6364,150.000,P-35823,ml
I-3629,0.03527399,6.3636,70.000,P-35823,g
I-3654,1.00000000,2.2727,25.000,P-35823,g
I-3679,1.00000000,0.2582,2.840,P-35823,L
I-4787,0.00220462,4.5455,50.000,P-35823,g
I-4819,2.20462000,0.4091,4.500,P-35823,Kg
I-4975,1.00000000,0.2045,2.250,P-35823,Kg
I-5975,0.00100000,3.1818,35.000,P-35823,g
I-6443,0.03381406,9.0909,100.000,P-35823,ml
P-18907,1.00000000,6.3636,70.000,P-35823,g
P-26020,0.00100000,18.1818,200.000,P-35823,g
P-34880,0.00100000,13.6364,150.000,P-35823,g
P-38556,1.00000000,0.2045,2.250,P-35823,Kg
I-24227,1.00000000,0.0011,1.000,P-38282,LOAF
I-11094,1.00000000,1.0000,1.000,P-41306,Kg
I-44341,1.00000000,10.0000,10.000,P-41306,g
I-6026,1.00000000,5.0000,5.000,P-41306,g
I-7705,1.00000000,0.1000,0.100,P-41306,L
I-3388,1.00000000,1.0000,3.000,P-41913,L
I-3619,1.00000000,0.3333,1.000,P-41913,g
I-3621,1.00000000,5.0000,15.000,P-41913,g
I-3624,0.00100000,8.3333,25.000,P-41913,g
I-37477,1.00000000,33.3333,100.000,P-41913,g
I-41492,1.00000000,33.3333,100.000,P-41913,g
I-42230,1.00000000,8.3333,25.000,P-41913,g
I-4657,0.00220462,6.6667,20.000,P-41913,g
I-4796,0.00220462,15.0000,45.000,P-41913,g
I-5978,1.00000000,33.3333,100.000,P-41913,g
I-6026,1.00000000,13.3333,40.000,P-41913,g
I-11207,1.00000000,5.0000,25.000,P-42319,g
I-11216,0.00100000,2.0000,10.000,P-42319,g
I-19737,1.00000000,0.8000,4.000,P-42319,L
I-2217,0.00100000,90.0000,450.000,P-42319,ml
I-3388,0.00100000,16.0000,80.000,P-42319,ml
I-3623,1.00000000,1.0000,5.000,P-42319,g
I-3629,0.03527399,5.0000,25.000,P-42319,g
I-3630,0.03527399,5.0000,25.000,P-42319,g
I-3654,1.00000000,2.0000,10.000,P-42319,g
I-3660,0.00100000,8.0000,40.000,P-42319,g
I-5983,0.00100000,160.0000,800.000,P-42319,ml
I-6026,1.00000000,5.0000,25.000,P-42319,g
I-8060,1.00000000,16.0000,80.000,P-42319,g
P-26020,0.00100000,10.0000,50.000,P-42319,g
P-34880,0.00100000,10.0000,50.000,P-42319,g
I-11207,1.00000000,4.8000,3.000,P-42320,g
I-11240,0.00100000,640.0000,400.000,P-42320,g
I-1813,0.03381406,24.0000,15.000,P-42320,ml
I-3640,1.00000000,1.6000,1.000,P-42320,g
I-3654,1.00000000,1.6000,1.000,P-42320,g
I-6026,1.00000000,6.4000,4.000,P-42320,g
I-6850,1.00000000,800.0000,500.000,P-42320,g
P-26020,0.00100000,8.0000,5.000,P-42320,g
P-34880,0.00100000,8.0000,5.000,P-42320,g
I-2656,0.00100000,116.2791,500.000,P-42356,g
P-42319,1.00000000,0.6977,3.000,P-42356,L
P-42320,0.00100000,186.0465,800.000,P-42356,g
I-4690,0.00613497,1.4000,175.000,P-42730,g
I-30101,0.00100000,62.5000,250.000,P-43206,g
I-3355,1.00000000,81.2500,325.000,P-43206,ml
I-4764,1.00000000,0.2500,1.000,P-43206,CT
I-5003,0.00100000,125.0000,500.000,P-43206,g
P-35736,1.00000000,20.0000,80.000,P-43206,g
I-2310,0.05000000,28.6667,43.000,P-43857,g
P-28759,0.00100000,28.6667,43.000,P-43858,g
P-28757,0.00100000,28.6667,43.000,P-43859,g
I-3898,0.00100000,28.6667,43.000,P-43860,g
I-17932,0.00100000,5.0000,600.000,P-43933,g
I-30178,1.00000000,0.4167,50.000,P-43933,SHEET
I-3545,1.00000000,0.0117,1.400,P-43933,L
I-40436,1.00000000,1.6667,200.000,P-43933,g
I-4550,2.20462000,0.0083,1.000,P-43933,Kg
I-4657,0.00220462,6.6667,800.000,P-43933,g
I-4660,0.00220462,6.6667,800.000,P-43933,g
I-4745,2.20462000,0.0417,5.000,P-43933,Kg
I-5983,1.00000000,1.0000,120.000,P-43933,L
P-12954,1000.00000000,0.0083,1.000,P-43933,Kg
P-18907,1.00000000,5.0000,600.000,P-43933,g
P-51222,1.00000000,0.0833,10.000,P-43933,Kg
P-57221,2.20462000,0.0167,2.000,P-43933,Kg
P-34534,0.03527399,0.2500,2.000,P-44527,g
P-50429,1.00000000,0.2500,2.000,P-44527,g
P-50585,1.00000000,0.2500,2.000,P-44527,g
P-51536,1.00000000,0.2500,2.000,P-44527,g
P-6888,0.00100000,0.5000,90.000,P-44528,ml
P-8196,0.00100000,0.5000,90.000,P-44528,ml
I-3387,0.00100000,5.5556,25.000,P-44641,ml
I-6026,1.00000000,4.4444,20.000,P-44641,g
I-7388,1.00000000,1.1111,5.000,P-44641,Kg
I-17054,1.00000000,0.2671,4.540,P-44686,Kg
I-3388,0.00100000,29.4118,500.000,P-44686,ml
I-3656,0.00100000,4.7059,80.000,P-44686,g
I-3660,1.00000000,0.1176,2.000,P-44686,Kg
I-40458,1.00000000,6.4706,110.000,P-44686,g
I-47774,1.00000000,0.0706,1.200,P-44686,L
I-5983,1.00000000,0.7059,12.000,P-44686,L
P-10496,0.00100000,58.8235,1000.000,P-44686,g
P-26020,1.00000000,0.0706,1.200,P-44686,Kg
P-50552,2.20462000,0.1294,2.200,P-44686,Kg
I-3855,1.00000000,0.7273,40.000,P-45416,Kg
P-44686,1.00000000,0.2727,15.000,P-45416,Kg
I-4949,2.20462000,1.6667,5.000,P-46079,Kg
P-53993,0.00100000,0.2500,45.000,P-46824,g
P-53994,0.00100000,0.2500,45.000,P-46824,g
P-53995,0.00100000,0.2500,45.000,P-46824,g
P-53996,0.00100000,0.2500,45.000,P-46824,g
I-1813,0.03381406,187.5000,750.000,P-47361,ml
I-3321,0.00000100,3.0000,12.000,P-47361,mg
I-3387,0.00100000,625.0000,2500.000,P-47361,ml
I-9382,0.00100000,16.2500,65.000,P-47361,ml
P-18907,1.00000000,1.2500,5.000,P-47361,g
I-19665,1.00000000,1.5873,10.000,P-48870,Kg
I-2051,0.00100000,6.3492,40.000,P-48870,g
I-2911,0.00100000,1.5873,10.000,P-48870,g
I-6026,1.00000000,7.9365,50.000,P-48870,g
I-10149,13.88889000,0.0011,1.000,P-50585,Kg
I-4341,0.01259785,1.1250,900.000,P-50586,g
I-16215,0.00100000,216.2162,800.000,P-50988,g
I-3388,0.00100000,162.1622,600.000,P-50988,ml
I-3392,0.00100000,8.1081,30.000,P-50988,ml
I-47774,1.00000000,0.3378,1.250,P-50988,L
I-6026,1.00000000,8.1081,30.000,P-50988,g
I-6028,0.00100000,27.0270,100.000,P-50988,g
I-7949,0.00100000,16.2162,60.000,P-50988,ml
P-26020,0.00100000,54.0541,200.000,P-50988,g
P-39167,0.00100000,243.2432,900.000,P-50988,g
I-9832,2.20462000,1.1111,5.000,P-51222,Kg
I-4495,1.00000000,2.7523,60.000,P-51523,lb
I-4737,2.20462000,0.0011,1.000,P-51524,Kg
I-5983,1.00000000,5.0000,10.000,P-51525,L
I-7912,1.00000000,0.5000,1.000,P-51525,Kg
P-44641,1.00000000,0.8333,10.000,P-52039,Kg
P-44686,1.00000000,0.1667,2.000,P-52039,Kg
I-3388,0.00100000,1.2500,150.000,P-53147,ml
I-9687,1.00000000,0.0500,6.000,P-53147,Kg
P-43933,1.00000000,1.0000,120.000,P-53147,L
I-3388,0.00100000,22.2222,100.000,P-53993,ml
P-18907,1.00000000,1.1111,5.000,P-53993,g
P-45194,1.00000000,1.1111,5.000,P-53993,Kg
I-3388,0.00100000,22.2222,100.000,P-53994,ml
P-18907,1.00000000,2.2222,10.000,P-53994,g
P-35773,1.00000000,0.5556,2.500,P-53994,Kg
P-9765,1.00000000,0.5556,2.500,P-53994,Kg
I-3388,0.00100000,26.6667,100.000,P-53995,ml
P-18907,1.00000000,1.3333,5.000,P-53995,g
P-58359,2.20462000,1.3333,5.000,P-53995,Kg
I-3388,0.00100000,22.2222,100.000,P-53996,ml
P-18907,1.00000000,1.1111,5.000,P-53996,g
P-43440,1.00000000,1.1111,5.000,P-53996,Kg
I-3696,1.00000000,20.0000,50.000,P-55092,ml
I-45114,0.03381406,200.0000,500.000,P-55092,ml
I-4657,0.00220462,40.0000,100.000,P-55092,g
I-4660,0.00220462,20.0000,50.000,P-55092,g
I-4679,1.00000000,0.4000,1.000,P-55092,BUNCH
I-47774,0.00100000,200.0000,500.000,P-55092,ml
I-4796,0.00220462,4.0000,10.000,P-55092,g
I-5983,0.00100000,200.0000,500.000,P-55092,ml
I-6028,0.00100000,48.0000,120.000,P-55092,g
I-7949,0.00100000,100.0000,250.000,P-55092,ml
I-2158,1.00000000,1.0000,200.000,P-55093,CT
I-3119,1.00000000,1.0000,200.000,P-55093,g
I-5983,1.00000000,0.4000,80.000,P-55093,L
P-55092,1.00000000,0.0500,10.000,P-55093,L
I-10865,0.00100000,25.0000,75.000,P-55138,g
I-3370,0.95015160,16.6667,50.000,P-55138,g
I-4919,0.00220462,5.0000,15.000,P-55138,g
I-60804,0.00220462,25.0000,75.000,P-55138,g
I-60805,1.00000000,16.6667,50.000,P-55138,ml
P-18907,1.00000000,8.3333,25.000,P-55138,g
P-26311,1.00000000,0.3333,1.000,P-55138,L
P-34243,1.00000000,0.6667,2.000,P-55138,Kg
I-2656,1.00000000,0.8333,2.500,P-55143,Kg
I-8060,1.00000000,83.3333,250.000,P-55143,g
P-18907,1.00000000,6.6667,20.000,P-55143,g
P-32661,1.00000000,0.3333,1.000,P-55143,L
P-46492,0.00100000,66.6667,200.000,P-55143,g
I-7388,0.00100000,0.1667,20.000,P-55167,g
P-48870,0.00100000,0.3333,40.000,P-55167,g
P-57214,0.03527399,0.5000,60.000,P-55167,g
P-50988,1.00000000,1.5000,3.000,P-55452,L
P-51524,1000.00000000,0.5000,1.000,P-55452,Kg
I-17667,0.02834950,1.2500,6.250,P-57214,oz
I-4703,1.00000000,1.6667,2.000,P-57221,lb
P-46492,1.00000000,1.0000,1.000,P-57337,Kg
I-2911,0.00100000,0.1400,70.000,P-57630,g
I-3625,1.00000000,0.0400,20.000,P-57630,g
I-3629,0.03527399,0.2000,100.000,P-57630,g
I-3630,0.03527399,0.2000,100.000,P-57630,g
I-3635,1.00000000,0.4000,200.000,P-57630,g
I-6026,1.00000000,0.0200,10.000,P-57630,g
I-43958,1.00000000,1.0000,1.000,P-57631,each
P-57630,1.00000000,3.0000,3.000,P-57631,g
P-21077,0.00100000,149.7006,500.000,P-57632,g
P-46079,1.00000000,0.6737,2.250,P-57632,Kg
P-46546,0.00100000,89.8204,300.000,P-57632,g
P-47361,0.00100000,74.8503,250.000,P-57632,ml
P-50500,1.00000000,5.9880,20.000,P-57632,g
P-57337,0.00100000,5.9880,20.000,P-57632,g
I-3619,1.00000000,0.6667,6.000,P-58362,g
I-3660,0.00100000,44.4444,400.000,P-58362,g
I-42230,1.00000000,11.1111,100.000,P-58362,g
I-4657,0.00220462,33.3333,300.000,P-58362,g
I-4709,0.01190476,41.6667,375.000,P-58362,g
I-4745,0.00220462,83.3333,750.000,P-58362,g
I-5983,1.00000000,1.3333,12.000,P-58362,L
I-6026,1.00000000,75.0000,675.000,P-58362,g
I-7065,1.00000000,1.1111,10.000,P-58362,Kg
P-44901,0.00100000,1.6667,15.000,P-58362,g
P-50676,0.00100000,2.2222,20.000,P-58362,g
I-4818,2.20462000,1.0000,5.000,P-60807,Kg
I-6006,0.00100000,100.0000,500.000,P-60807,ml
P-18907,1.00000000,3.0000,15.000,P-60807,g
P-53277,0.00100000,50.0000,250.000,P-60807,ml
I-3316,1.00000000,1.1290,35.000,P-6888,g
I-3619,1.00000000,0.1613,5.000,P-6888,g
I-3621,1.00000000,0.1613,5.000,P-6888,g
I-3679,1.00000000,0.4581,14.200,P-6888,L
I-3681,1.00000000,0.2755,8.540,P-6888,L
I-4657,0.00220462,9.6774,300.000,P-6888,g
I-4742,2.20462000,0.2581,8.000,P-6888,Kg
I-5983,1.00000000,0.2581,8.000,P-6888,L
I-6026,1.00000000,1.6129,50.000,P-6888,g
I-6028,0.00100000,6.4516,200.000,P-6888,g
P-51536,1.00000000,7.2581,225.000,P-6888,g
I-4679,1.00000000,5.0684,20.000,P-9733,BUNCH
P-26143,0.00100000,1.0000,225.000,R-28323,g
P-26169,0.00100000,1.0000,275.000,R-28323,g
P-26170,1.00000000,1.0000,1.000,R-28324,ea
P-28369,1.00000000,1.0000,1.000,R-28374,ea
P-28371,28.35000000,1.0000,1.000,R-28374,fl oz
P-28373,1.00000000,1.0000,1.000,R-28374,un
P-29020,1.00000000,1.0000,1.000,R-29556,PTN
P-26143,0.00100000,1.0000,225.000,R-37050,g
P-26169,0.00100000,1.0000,275.000,R-37050,g
P-26170,1.00000000,1.0000,0.500,R-37050,ea
P-35823,0.00100000,1.0000,113.000,R-37050,g
P-26143,0.00100000,1.0000,225.000,R-37051,g
P-26169,0.00100000,1.0000,275.000,R-37051,g
P-26170,1.00000000,1.0000,1.000,R-37051,ea
P-35823,0.00100000,1.0000,225.000,R-37051,g
P-28995,0.00100000,1.0000,60.000,R-38664,ml
P-32659,0.00100000,1.0000,85.000,R-38664,g
P-57631,1.00000000,1.0000,2.000,R-38664,each
P-57632,0.00100000,1.0000,85.000,R-38664,g
P-28995,0.00100000,1.0000,60.000,R-38665,ml
P-32659,0.00100000,1.0000,170.000,R-38665,g
P-57631,1.00000000,1.0000,2.000,R-38665,each
P-57632,0.00100000,1.0000,170.000,R-38665,g
I-30178,1.00000000,1.0000,0.100,R-41308,SHEET
I-35685,1.00000000,1.0000,5.000,R-41308,g
P-41306,0.00100000,1.0000,35.000,R-41308,g
P-51523,0.00100000,1.0000,25.000,R-41308,g
P-51525,0.00100000,1.0000,100.000,R-41308,g
P-53147,0.00100000,1.0000,400.000,R-41308,ml
P-55093,1.00000000,1.0000,1.000,R-41308,CT
P-55452,0.00100000,1.0000,25.000,R-41308,g
P-9733,0.00220462,1.0000,7.000,R-41308,g
P-26143,0.00100000,1.0000,200.000,R-42369,g
P-26170,1.00000000,1.0000,0.500,R-42369,ea
P-35823,0.00100000,1.0000,113.000,R-42369,g
P-42356,0.00100000,1.0000,225.000,R-42369,g
P-43206,1.00000000,1.0000,1.000,R-43213,PTN
P-28369,1.00000000,1.0000,1.000,R-43880,ea
P-28371,1.00000000,1.0000,40.000,R-43880,g
P-28373,1.00000000,1.0000,1.000,R-43880,un
P-43857,0.03527399,1.0000,50.000,R-43880,g
P-28369,1.00000000,1.0000,1.000,R-43884,ea
P-28371,1.00000000,1.0000,40.000,R-43884,g
P-28373,1.00000000,1.0000,1.000,R-43884,un
P-43858,0.03527399,1.0000,60.000,R-43884,g
P-28369,1.00000000,1.0000,1.000,R-43885,ea
P-28371,1.00000000,1.0000,40.000,R-43885,g
P-28373,1.00000000,1.0000,1.000,R-43885,un
P-43859,0.03527399,1.0000,40.000,R-43885,g
P-28369,1.00000000,1.0000,1.000,R-43886,ea
P-28371,1.00000000,1.0000,40.000,R-43886,g
P-28373,1.00000000,1.0000,1.000,R-43886,un
P-43860,0.03527399,1.0000,40.000,R-43886,g
I-3694,0.00100000,1.0000,5.000,R-44866,ml
I-4509,0.00220462,1.0000,10.000,R-44866,g
P-26883,0.00100000,1.0000,150.000,R-44866,g
P-41913,0.00100000,1.0000,5.000,R-44866,ml
P-50585,1.00000000,1.0000,5.000,R-44866,g
P-50586,1.00000000,1.0000,5.000,R-44866,g
P-51523,0.00100000,1.0000,100.000,R-44866,g
P-52039,0.00100000,1.0000,120.000,R-44866,g
I-3694,0.00100000,1.0000,5.000,R-45419,ml
I-4509,0.00220462,1.0000,10.000,R-45419,g
P-24750,0.00100000,1.0000,5.000,R-45419,g
P-26883,0.00100000,1.0000,150.000,R-45419,g
P-41913,0.00100000,1.0000,5.000,R-45419,ml
P-45416,0.00100000,1.0000,120.000,R-45419,g
P-51523,0.00100000,1.0000,100.000,R-45419,g
P-9733,0.00100000,1.0000,5.000,R-45419,g
I-2141,0.00100000,1.0000,30.000,R-55166,g
P-26216,0.00100000,1.0000,180.000,R-55166,g
P-26234,1.00000000,1.0000,1.000,R-55166,ea
P-44527,1.00000000,1.0000,8.000,R-55166,g
P-44528,1.00000000,1.0000,200.000,R-55166,ml
P-46824,1.00000000,1.0000,180.000,R-55166,g
P-55167,1.00000000,1.0000,120.000,R-55166,g
I-2141,0.00100000,1.0000,30.000,R-55168,g
P-26216,0.00100000,1.0000,180.000,R-55168,g
P-26234,1.00000000,1.0000,1.000,R-55168,ea
P-44527,1.00000000,1.0000,8.000,R-55168,g
P-44528,1.00000000,1.0000,200.000,R-55168,ml
P-46824,1.00000000,1.0000,180.000,R-55168,g
P-26112,0.00100000,1.0000,180.000,R-57340,g
P-55138,0.00100000,1.0000,75.000,R-57340,ml
P-55143,0.00100000,1.0000,80.000,R-57340,g
P-60807,0.00100000,1.0000,150.000,R-57340,g
